Country Name,Country Code,Series Name,Series Code,2022 [YR2022]
Afghanistan,AFG,Government Effectiveness: Estimate,GE.EST,-1.87955236434937
Afghanistan,AFG,Political Stability and Absence of Violence/Terrorism: Estimate,PV.EST,-2.5508017539978
Afghanistan,AFG,Regulatory Quality: Estimate,RQ.EST,-1.27180624008179
Afghanistan,AFG,Rule of Law: Estimate,RL.EST,-1.65844225883484
Afghanistan,AFG,Voice and Accountability: Estimate,VA.EST,-1.75158727169037
Afghanistan,AFG,Control of Corruption: Estimate,CC.EST,-1.18377649784088
Albania,ALB,Government Effectiveness: Estimate,GE.EST,0.0650628432631493
Albania,ALB,Political Stability and Absence of Violence/Terrorism: Estimate,PV.EST,0.114945493638515
Albania,ALB,Regulatory Quality: Estimate,RQ.EST,0.159353822469711
Albania,ALB,Rule of Law: Estimate,RL.EST,-0.16577909886837
Albania,ALB,Voice and Accountability: Estimate,VA.EST,0.13946570456028
Albania,ALB,Control of Corruption: Estimate,CC.EST,-0.407875537872314
Algeria,DZA,Government Effectiveness: Estimate,GE.EST,-0.513090252876282
Algeria,DZA,Political Stability and Absence of Violence/Terrorism: Estimate,PV.EST,-0.741771519184113
Algeria,DZA,Regulatory Quality: Estimate,RQ.EST,-1.06357324123383
Algeria,DZA,Rule of Law: Estimate,RL.EST,-0.832472681999207
Algeria,DZA,Voice and Accountability: Estimate,VA.EST,-1.00387418270111
Algeria,DZA,Control of Corruption: Estimate,CC.EST,-0.637929856777191
American Samoa,ASM,Government Effectiveness: Estimate,GE.EST,0.667918145656586
American Samoa,ASM,Political Stability and Absence of Violence/Terrorism: Estimate,PV.EST,1.12885904312134
American Samoa,ASM,Regulatory Quality: Estimate,RQ.EST,0.545899748802185
American Samoa,ASM,Rule of Law: Estimate,RL.EST,1.22111785411835
American Samoa,ASM,Voice and Accountability: Estimate,VA.EST,0.957647860050201
American Samoa,ASM,Control of Corruption: Estimate,CC.EST,1.27020359039307
Andorra,AND,Government Effectiveness: Estimate,GE.EST,1.49530494213104
Andorra,AND,Political Stability and Absence of Violence/Terrorism: Estimate,PV.EST,1.58773648738861
Andorra,AND,Regulatory Quality: Estimate,RQ.EST,1.39833402633667
Andorra,AND,Rule of Law: Estimate,RL.EST,1.48544991016388
Andorra,AND,Voice and Accountability: Estimate,VA.EST,1.10283291339874
Andorra,AND,Control of Corruption: Estimate,CC.EST,1.27020359039307
Angola,AGO,Government Effectiveness: Estimate,GE.EST,-1.04042935371399
Angola,AGO,Political Stability and Absence of Violence/Terrorism: Estimate,PV.EST,-0.646240890026093
Angola,AGO,Regulatory Quality: Estimate,RQ.EST,-0.606698572635651
Angola,AGO,Rule of Law: Estimate,RL.EST,-1.02190458774567
Angola,AGO,Voice and Accountability: Estimate,VA.EST,-0.7971311211586
Angola,AGO,Control of Corruption: Estimate,CC.EST,-0.601941287517548
Anguilla,AIA,Government Effectiveness: Estimate,GE.EST,1.21950936317444
Anguilla,AIA,Political Stability and Absence of Violence/Terrorism: Estimate,PV.EST,1.12885904312134
Anguilla,AIA,Regulatory Quality: Estimate,RQ.EST,0.972116887569427
Anguilla,AIA,Rule of Law: Estimate,RL.EST,0.42812192440033
Anguilla,AIA,Voice and Accountability: Estimate,VA.EST,..
Anguilla,AIA,Control of Corruption: Estimate,CC.EST,1.27020359039307
Antigua and Barbuda,ATG,Government Effectiveness: Estimate,GE.EST,-0.159468576312065
Antigua and Barbuda,ATG,Political Stability and Absence of Violence/Terrorism: Estimate,PV.EST,0.94386225938797
Antigua and Barbuda,ATG,Regulatory Quality: Estimate,RQ.EST,0.28908696770668
Antigua and Barbuda,ATG,Rule of Law: Estimate,RL.EST,0.391315579414368
Antigua and Barbuda,ATG,Voice and Accountability: Estimate,VA.EST,0.721560716629028
Antigua and Barbuda,ATG,Control of Corruption: Estimate,CC.EST,0.310604453086853
Argentina,ARG,Government Effectiveness: Estimate,GE.EST,-0.282877296209335
Argentina,ARG,Political Stability and Absence of Violence/Terrorism: Estimate,PV.EST,-0.00916328188031912
Argentina,ARG,Regulatory Quality: Estimate,RQ.EST,-0.697565734386444
Argentina,ARG,Rule of Law: Estimate,RL.EST,-0.48068231344223
Argentina,ARG,Voice and Accountability: Estimate,VA.EST,0.543526768684387
Argentina,ARG,Control of Corruption: Estimate,CC.EST,-0.447030484676361
Armenia,ARM,Government Effectiveness: Estimate,GE.EST,-0.314229518175125
Armenia,ARM,Political Stability and Absence of Violence/Terrorism: Estimate,PV.EST,-0.797183930873871
Armenia,ARM,Regulatory Quality: Estimate,RQ.EST,-0.0190788023173809
Armenia,ARM,Rule of Law: Estimate,RL.EST,-0.168567225337029
Armenia,ARM,Voice and Accountability: Estimate,VA.EST,0.0882339403033257
Armenia,ARM,Control of Corruption: Estimate,CC.EST,0.0280352365225554
Aruba,ABW,Government Effectiveness: Estimate,GE.EST,1.10533332824707
Aruba,ABW,Political Stability and Absence of Violence/Terrorism: Estimate,PV.EST,1.47468435764313
Aruba,ABW,Regulatory Quality: Estimate,RQ.EST,0.967042565345764
Aruba,ABW,Rule of Law: Estimate,RL.EST,1.27890753746033
Aruba,ABW,Voice and Accountability: Estimate,VA.EST,1.00918197631836
Aruba,ABW,Control of Corruption: Estimate,CC.EST,0.756784737110138
Australia,AUS,Government Effectiveness: Estimate,GE.EST,1.52887463569641
Australia,AUS,Political Stability and Absence of Violence/Terrorism: Estimate,PV.EST,0.933572053909302
Australia,AUS,Regulatory Quality: Estimate,RQ.EST,1.89489328861237
Australia,AUS,Rule of Law: Estimate,RL.EST,1.51008522510529
Australia,AUS,Voice and Accountability: Estimate,VA.EST,1.31948041915894
Australia,AUS,Control of Corruption: Estimate,CC.EST,1.76448953151703
Austria,AUT,Government Effectiveness: Estimate,GE.EST,1.46545016765594
Austria,AUT,Political Stability and Absence of Violence/Terrorism: Estimate,PV.EST,0.637995362281799
Austria,AUT,Regulatory Quality: Estimate,RQ.EST,1.28319978713989
Austria,AUT,Rule of Law: Estimate,RL.EST,1.70585024356842
Austria,AUT,Voice and Accountability: Estimate,VA.EST,1.40876078605652
Austria,AUT,Control of Corruption: Estimate,CC.EST,1.25861942768097
Azerbaijan,AZE,Government Effectiveness: Estimate,GE.EST,-0.0406579151749611
Azerbaijan,AZE,Political Stability and Absence of Violence/Terrorism: Estimate,PV.EST,-0.931885719299316
Azerbaijan,AZE,Regulatory Quality: Estimate,RQ.EST,-0.103344202041626
Azerbaijan,AZE,Rule of Law: Estimate,RL.EST,-0.624645590782166
Azerbaijan,AZE,Voice and Accountability: Estimate,VA.EST,-1.4408358335495
Azerbaijan,AZE,Control of Corruption: Estimate,CC.EST,-1.04057228565216
"Bahamas, The",BHS,Government Effectiveness: Estimate,GE.EST,0.424218326807022
"Bahamas, The",BHS,Political Stability and Absence of Violence/Terrorism: Estimate,PV.EST,0.883432567119598
"Bahamas, The",BHS,Regulatory Quality: Estimate,RQ.EST,-0.146485969424248
"Bahamas, The",BHS,Rule of Law: Estimate,RL.EST,0.133635863661766
"Bahamas, The",BHS,Voice and Accountability: Estimate,VA.EST,0.869135797023773
"Bahamas, The",BHS,Control of Corruption: Estimate,CC.EST,1.25618994235992
Bahrain,BHR,Government Effectiveness: Estimate,GE.EST,0.640424907207489
Bahrain,BHR,Political Stability and Absence of Violence/Terrorism: Estimate,PV.EST,-0.407028496265411
Bahrain,BHR,Regulatory Quality: Estimate,RQ.EST,0.970633506774902
Bahrain,BHR,Rule of Law: Estimate,RL.EST,0.438828617334366
Bahrain,BHR,Voice and Accountability: Estimate,VA.EST,-1.41756176948547
Bahrain,BHR,Control of Corruption: Estimate,CC.EST,0.139385640621185
Bangladesh,BGD,Government Effectiveness: Estimate,GE.EST,-0.76255190372467
Bangladesh,BGD,Political Stability and Absence of Violence/Terrorism: Estimate,PV.EST,-1.09237110614777
Bangladesh,BGD,Regulatory Quality: Estimate,RQ.EST,-0.927658915519714
Bangladesh,BGD,Rule of Law: Estimate,RL.EST,-0.601339340209961
Bangladesh,BGD,Voice and Accountability: Estimate,VA.EST,-0.752661883831024
Bangladesh,BGD,Control of Corruption: Estimate,CC.EST,-1.0755273103714
Barbados,BRB,Government Effectiveness: Estimate,GE.EST,0.428703635931015
Barbados,BRB,Political Stability and Absence of Violence/Terrorism: Estimate,PV.EST,1.15202713012695
Barbados,BRB,Regulatory Quality: Estimate,RQ.EST,0.476500302553177
Barbados,BRB,Rule of Law: Estimate,RL.EST,0.358760207891464
Barbados,BRB,Voice and Accountability: Estimate,VA.EST,1.12864553928375
Barbados,BRB,Control of Corruption: Estimate,CC.EST,1.28457343578339
Belarus,BLR,Government Effectiveness: Estimate,GE.EST,-0.851105093955994
Belarus,BLR,Political Stability and Absence of Violence/Terrorism: Estimate,PV.EST,-0.79387354850769
Belarus,BLR,Regulatory Quality: Estimate,RQ.EST,-1.33121407032013
Belarus,BLR,Rule of Law: Estimate,RL.EST,-1.22155654430389
Belarus,BLR,Voice and Accountability: Estimate,VA.EST,-1.6263952255249
Belarus,BLR,Control of Corruption: Estimate,CC.EST,-0.57967621088028
Belgium,BEL,Government Effectiveness: Estimate,GE.EST,1.22765874862671
Belgium,BEL,Political Stability and Absence of Violence/Terrorism: Estimate,PV.EST,0.575668811798096
Belgium,BEL,Regulatory Quality: Estimate,RQ.EST,1.25295519828796
Belgium,BEL,Rule of Law: Estimate,RL.EST,1.34894239902496
Belgium,BEL,Voice and Accountability: Estimate,VA.EST,1.29260873794556
Belgium,BEL,Control of Corruption: Estimate,CC.EST,1.49504864215851
Belize,BLZ,Government Effectiveness: Estimate,GE.EST,-0.356178641319275
Belize,BLZ,Political Stability and Absence of Violence/Terrorism: Estimate,PV.EST,0.426349759101868
Belize,BLZ,Regulatory Quality: Estimate,RQ.EST,-0.438766330480576
Belize,BLZ,Rule of Law: Estimate,RL.EST,-0.720759093761444
Belize,BLZ,Voice and Accountability: Estimate,VA.EST,0.532865047454834
Belize,BLZ,Control of Corruption: Estimate,CC.EST,-0.237028583884239
Benin,BEN,Government Effectiveness: Estimate,GE.EST,-0.164296001195908
Benin,BEN,Political Stability and Absence of Violence/Terrorism: Estimate,PV.EST,-0.349461376667023
Benin,BEN,Regulatory Quality: Estimate,RQ.EST,-0.348364651203156
Benin,BEN,Rule of Law: Estimate,RL.EST,-0.602389514446259
Benin,BEN,Voice and Accountability: Estimate,VA.EST,-0.348290830850601
Benin,BEN,Control of Corruption: Estimate,CC.EST,-0.124255605041981
Bermuda,BMU,Government Effectiveness: Estimate,GE.EST,1.21950936317444
Bermuda,BMU,Political Stability and Absence of Violence/Terrorism: Estimate,PV.EST,1.03453397750854
Bermuda,BMU,Regulatory Quality: Estimate,RQ.EST,0.972116887569427
Bermuda,BMU,Rule of Law: Estimate,RL.EST,0.692453920841217
Bermuda,BMU,Voice and Accountability: Estimate,VA.EST,..
Bermuda,BMU,Control of Corruption: Estimate,CC.EST,1.27020359039307
Bhutan,BTN,Government Effectiveness: Estimate,GE.EST,0.556007385253906
Bhutan,BTN,Political Stability and Absence of Violence/Terrorism: Estimate,PV.EST,0.86481773853302
Bhutan,BTN,Regulatory Quality: Estimate,RQ.EST,-0.381970435380936
Bhutan,BTN,Rule of Law: Estimate,RL.EST,0.672034561634064
Bhutan,BTN,Voice and Accountability: Estimate,VA.EST,0.155555993318558
Bhutan,BTN,Control of Corruption: Estimate,CC.EST,1.51425933837891
Bolivia,BOL,Government Effectiveness: Estimate,GE.EST,-0.563976764678955
Bolivia,BOL,Political Stability and Absence of Violence/Terrorism: Estimate,PV.EST,-0.283260941505432
Bolivia,BOL,Regulatory Quality: Estimate,RQ.EST,-1.21053624153137
Bolivia,BOL,Rule of Law: Estimate,RL.EST,-1.30090224742889
Bolivia,BOL,Voice and Accountability: Estimate,VA.EST,-0.19810938835144
Bolivia,BOL,Control of Corruption: Estimate,CC.EST,-0.889222621917725
Bosnia and Herzegovina,BIH,Government Effectiveness: Estimate,GE.EST,-1.06442642211914
Bosnia and Herzegovina,BIH,Political Stability and Absence of Violence/Terrorism: Estimate,PV.EST,-0.439371019601822
Bosnia and Herzegovina,BIH,Regulatory Quality: Estimate,RQ.EST,-0.157615318894386
Bosnia and Herzegovina,BIH,Rule of Law: Estimate,RL.EST,-0.306685209274292
Bosnia and Herzegovina,BIH,Voice and Accountability: Estimate,VA.EST,-0.325712889432907
Bosnia and Herzegovina,BIH,Control of Corruption: Estimate,CC.EST,-0.683835208415985
Botswana,BWA,Government Effectiveness: Estimate,GE.EST,0.463997155427933
Botswana,BWA,Political Stability and Absence of Violence/Terrorism: Estimate,PV.EST,1.07751607894897
Botswana,BWA,Regulatory Quality: Estimate,RQ.EST,0.621043562889099
Botswana,BWA,Rule of Law: Estimate,RL.EST,0.467351377010345
Botswana,BWA,Voice and Accountability: Estimate,VA.EST,0.446497648954391
Botswana,BWA,Control of Corruption: Estimate,CC.EST,0.661455094814301
Brazil,BRA,Government Effectiveness: Estimate,GE.EST,-0.587532162666321
Brazil,BRA,Political Stability and Absence of Violence/Terrorism: Estimate,PV.EST,-0.331465899944305
Brazil,BRA,Regulatory Quality: Estimate,RQ.EST,-0.220437631011009
Brazil,BRA,Rule of Law: Estimate,RL.EST,-0.257250934839249
Brazil,BRA,Voice and Accountability: Estimate,VA.EST,0.214864358305931
Brazil,BRA,Control of Corruption: Estimate,CC.EST,-0.566063046455383
Brunei Darussalam,BRN,Government Effectiveness: Estimate,GE.EST,1.4222446680069
Brunei Darussalam,BRN,Political Stability and Absence of Violence/Terrorism: Estimate,PV.EST,1.25736796855927
Brunei Darussalam,BRN,Regulatory Quality: Estimate,RQ.EST,1.06704342365265
Brunei Darussalam,BRN,Rule of Law: Estimate,RL.EST,0.934209585189819
Brunei Darussalam,BRN,Voice and Accountability: Estimate,VA.EST,-0.816516160964966
Brunei Darussalam,BRN,Control of Corruption: Estimate,CC.EST,1.17481958866119
Bulgaria,BGR,Government Effectiveness: Estimate,GE.EST,-0.270799845457077
Bulgaria,BGR,Political Stability and Absence of Violence/Terrorism: Estimate,PV.EST,0.246252059936523
Bulgaria,BGR,Regulatory Quality: Estimate,RQ.EST,0.320686906576157
Bulgaria,BGR,Rule of Law: Estimate,RL.EST,-0.107211574912071
Bulgaria,BGR,Voice and Accountability: Estimate,VA.EST,0.285204857587814
Bulgaria,BGR,Control of Corruption: Estimate,CC.EST,-0.157897114753723
Burkina Faso,BFA,Government Effectiveness: Estimate,GE.EST,-0.825155377388
Burkina Faso,BFA,Political Stability and Absence of Violence/Terrorism: Estimate,PV.EST,-1.7825174331665
Burkina Faso,BFA,Regulatory Quality: Estimate,RQ.EST,-0.468305677175522
Burkina Faso,BFA,Rule of Law: Estimate,RL.EST,-0.607678949832916
Burkina Faso,BFA,Voice and Accountability: Estimate,VA.EST,-0.633902013301849
Burkina Faso,BFA,Control of Corruption: Estimate,CC.EST,-0.0836108103394508
Burundi,BDI,Government Effectiveness: Estimate,GE.EST,-1.26284074783325
Burundi,BDI,Political Stability and Absence of Violence/Terrorism: Estimate,PV.EST,-1.18886947631836
Burundi,BDI,Regulatory Quality: Estimate,RQ.EST,-0.947485685348511
Burundi,BDI,Rule of Law: Estimate,RL.EST,-1.27713978290558
Burundi,BDI,Voice and Accountability: Estimate,VA.EST,-1.38799297809601
Burundi,BDI,Control of Corruption: Estimate,CC.EST,-1.518141746521
Cabo Verde,CPV,Government Effectiveness: Estimate,GE.EST,-0.0262028370052576
Cabo Verde,CPV,Political Stability and Absence of Violence/Terrorism: Estimate,PV.EST,0.929428398609161
Cabo Verde,CPV,Regulatory Quality: Estimate,RQ.EST,0.263682216405869
Cabo Verde,CPV,Rule of Law: Estimate,RL.EST,0.365232169628143
Cabo Verde,CPV,Voice and Accountability: Estimate,VA.EST,0.935108244419098
Cabo Verde,CPV,Control of Corruption: Estimate,CC.EST,0.983122944831848
Cambodia,KHM,Government Effectiveness: Estimate,GE.EST,-0.351662397384644
Cambodia,KHM,Political Stability and Absence of Violence/Terrorism: Estimate,PV.EST,-0.0361724458634853
Cambodia,KHM,Regulatory Quality: Estimate,RQ.EST,-0.709801018238068
Cambodia,KHM,Rule of Law: Estimate,RL.EST,-0.866584658622742
Cambodia,KHM,Voice and Accountability: Estimate,VA.EST,-1.30916702747345
Cambodia,KHM,Control of Corruption: Estimate,CC.EST,-1.24149858951569
Cameroon,CMR,Government Effectiveness: Estimate,GE.EST,-0.881544709205627
Cameroon,CMR,Political Stability and Absence of Violence/Terrorism: Estimate,PV.EST,-1.35294902324677
Cameroon,CMR,Regulatory Quality: Estimate,RQ.EST,-0.898889482021332
Cameroon,CMR,Rule of Law: Estimate,RL.EST,-1.04537618160248
Cameroon,CMR,Voice and Accountability: Estimate,VA.EST,-1.14824461936951
Cameroon,CMR,Control of Corruption: Estimate,CC.EST,-1.12793481349945
Canada,CAN,Government Effectiveness: Estimate,GE.EST,1.56707048416138
Canada,CAN,Political Stability and Absence of Violence/Terrorism: Estimate,PV.EST,0.772814035415649
Canada,CAN,Regulatory Quality: Estimate,RQ.EST,1.67709279060364
Canada,CAN,Rule of Law: Estimate,RL.EST,1.56622016429901
Canada,CAN,Voice and Accountability: Estimate,VA.EST,1.43496835231781
Canada,CAN,Control of Corruption: Estimate,CC.EST,1.65857982635498
Cayman Islands,CYM,Government Effectiveness: Estimate,GE.EST,1.26233518123627
Cayman Islands,CYM,Political Stability and Absence of Violence/Terrorism: Estimate,PV.EST,1.64943766593933
Cayman Islands,CYM,Regulatory Quality: Estimate,RQ.EST,1.0855724811554
Cayman Islands,CYM,Rule of Law: Estimate,RL.EST,0.72119528055191
Cayman Islands,CYM,Voice and Accountability: Estimate,VA.EST,0.752333164215088
Cayman Islands,CYM,Control of Corruption: Estimate,CC.EST,0.457741022109985
Central African Republic,CAF,Government Effectiveness: Estimate,GE.EST,-1.7093962430954
Central African Republic,CAF,Political Stability and Absence of Violence/Terrorism: Estimate,PV.EST,-2.16247296333313
Central African Republic,CAF,Regulatory Quality: Estimate,RQ.EST,-1.47418415546417
Central African Republic,CAF,Rule of Law: Estimate,RL.EST,-1.70115745067596
Central African Republic,CAF,Voice and Accountability: Estimate,VA.EST,-1.21139430999756
Central African Republic,CAF,Control of Corruption: Estimate,CC.EST,-1.24606657028198
Chad,TCD,Government Effectiveness: Estimate,GE.EST,-1.42290568351746
Chad,TCD,Political Stability and Absence of Violence/Terrorism: Estimate,PV.EST,-1.48370337486267
Chad,TCD,Regulatory Quality: Estimate,RQ.EST,-1.14935708045959
Chad,TCD,Rule of Law: Estimate,RL.EST,-1.37252998352051
Chad,TCD,Voice and Accountability: Estimate,VA.EST,-1.47625410556793
Chad,TCD,Control of Corruption: Estimate,CC.EST,-1.48808419704437
Chile,CHL,Government Effectiveness: Estimate,GE.EST,0.546773970127106
Chile,CHL,Political Stability and Absence of Violence/Terrorism: Estimate,PV.EST,0.118578858673573
Chile,CHL,Regulatory Quality: Estimate,RQ.EST,0.978411138057709
Chile,CHL,Rule of Law: Estimate,RL.EST,0.690400660037994
Chile,CHL,Voice and Accountability: Estimate,VA.EST,0.972975134849548
Chile,CHL,Control of Corruption: Estimate,CC.EST,0.968280136585236
China,CHN,Government Effectiveness: Estimate,GE.EST,0.495032012462616
China,CHN,Political Stability and Absence of Violence/Terrorism: Estimate,PV.EST,-0.441073626279831
China,CHN,Regulatory Quality: Estimate,RQ.EST,-0.418417632579803
China,CHN,Rule of Law: Estimate,RL.EST,-0.0414439849555492
China,CHN,Voice and Accountability: Estimate,VA.EST,-1.60957491397858
China,CHN,Control of Corruption: Estimate,CC.EST,0.0159702487289906
Colombia,COL,Government Effectiveness: Estimate,GE.EST,0.0144156282767653
Colombia,COL,Political Stability and Absence of Violence/Terrorism: Estimate,PV.EST,-0.641925930976868
Colombia,COL,Regulatory Quality: Estimate,RQ.EST,0.140449166297913
Colombia,COL,Rule of Law: Estimate,RL.EST,-0.426875531673431
Colombia,COL,Voice and Accountability: Estimate,VA.EST,0.166357532143593
Colombia,COL,Control of Corruption: Estimate,CC.EST,-0.361808151006699
Comoros,COM,Government Effectiveness: Estimate,GE.EST,-1.68251287937164
Comoros,COM,Political Stability and Absence of Violence/Terrorism: Estimate,PV.EST,-0.230514869093895
Comoros,COM,Regulatory Quality: Estimate,RQ.EST,-1.20053803920746
Comoros,COM,Rule of Law: Estimate,RL.EST,-1.31371796131134
Comoros,COM,Voice and Accountability: Estimate,VA.EST,-0.868450522422791
Comoros,COM,Control of Corruption: Estimate,CC.EST,-1.2444132566452
"Congo, Dem. Rep.",COD,Government Effectiveness: Estimate,GE.EST,-1.74592006206512
"Congo, Dem. Rep.",COD,Political Stability and Absence of Violence/Terrorism: Estimate,PV.EST,-1.97774624824524
"Congo, Dem. Rep.",COD,Regulatory Quality: Estimate,RQ.EST,-1.47606945037842
"Congo, Dem. Rep.",COD,Rule of Law: Estimate,RL.EST,-1.67243385314941
"Congo, Dem. Rep.",COD,Voice and Accountability: Estimate,VA.EST,-1.1836930513382
"Congo, Dem. Rep.",COD,Control of Corruption: Estimate,CC.EST,-1.54447400569916
"Congo, Rep.",COG,Government Effectiveness: Estimate,GE.EST,-1.36932182312012
"Congo, Rep.",COG,Political Stability and Absence of Violence/Terrorism: Estimate,PV.EST,-0.0169060137122869
"Congo, Rep.",COG,Regulatory Quality: Estimate,RQ.EST,-1.26143133640289
"Congo, Rep.",COG,Rule of Law: Estimate,RL.EST,-1.08952295780182
"Congo, Rep.",COG,Voice and Accountability: Estimate,VA.EST,-1.19918370246887
"Congo, Rep.",COG,Control of Corruption: Estimate,CC.EST,-1.35945165157318
Cook Islands,COK,Government Effectiveness: Estimate,GE.EST,-0.167024210095406
Cook Islands,COK,Political Stability and Absence of Violence/Terrorism: Estimate,PV.EST,1.15882003307343
Cook Islands,COK,Regulatory Quality: Estimate,RQ.EST,-0.0767629966139793
Cook Islands,COK,Rule of Law: Estimate,RL.EST,-0.552327215671539
Cook Islands,COK,Voice and Accountability: Estimate,VA.EST,1.16421246528625
Cook Islands,COK,Control of Corruption: Estimate,CC.EST,0.048777163028717
Costa Rica,CRI,Government Effectiveness: Estimate,GE.EST,0.0532664284110069
Costa Rica,CRI,Political Stability and Absence of Violence/Terrorism: Estimate,PV.EST,0.954446792602539
Costa Rica,CRI,Regulatory Quality: Estimate,RQ.EST,0.567061722278595
Costa Rica,CRI,Rule of Law: Estimate,RL.EST,0.436577290296555
Costa Rica,CRI,Voice and Accountability: Estimate,VA.EST,1.06959331035614
Costa Rica,CRI,Control of Corruption: Estimate,CC.EST,0.465849369764328
Cote d'Ivoire,CIV,Government Effectiveness: Estimate,GE.EST,-0.342977225780487
Cote d'Ivoire,CIV,Political Stability and Absence of Violence/Terrorism: Estimate,PV.EST,-0.51637864112854
Cote d'Ivoire,CIV,Regulatory Quality: Estimate,RQ.EST,-0.152012959122658
Cote d'Ivoire,CIV,Rule of Law: Estimate,RL.EST,-0.479640156030655
Cote d'Ivoire,CIV,Voice and Accountability: Estimate,VA.EST,-0.41719463467598
Cote d'Ivoire,CIV,Control of Corruption: Estimate,CC.EST,-0.348596215248108
Croatia,HRV,Government Effectiveness: Estimate,GE.EST,0.581651031970978
Croatia,HRV,Political Stability and Absence of Violence/Terrorism: Estimate,PV.EST,0.61216127872467
Croatia,HRV,Regulatory Quality: Estimate,RQ.EST,0.502549886703491
Croatia,HRV,Rule of Law: Estimate,RL.EST,0.368116319179535
Croatia,HRV,Voice and Accountability: Estimate,VA.EST,0.613270461559296
Croatia,HRV,Control of Corruption: Estimate,CC.EST,0.148001134395599
Cuba,CUB,Government Effectiveness: Estimate,GE.EST,-0.350331842899323
Cuba,CUB,Political Stability and Absence of Violence/Terrorism: Estimate,PV.EST,0.49952158331871
Cuba,CUB,Regulatory Quality: Estimate,RQ.EST,-1.38185942173004
Cuba,CUB,Rule of Law: Estimate,RL.EST,-0.459634959697723
Cuba,CUB,Voice and Accountability: Estimate,VA.EST,-1.33949506282806
Cuba,CUB,Control of Corruption: Estimate,CC.EST,-0.0693471655249596
Cyprus,CYP,Government Effectiveness: Estimate,GE.EST,0.730678856372833
Cyprus,CYP,Political Stability and Absence of Violence/Terrorism: Estimate,PV.EST,0.418635070323944
Cyprus,CYP,Regulatory Quality: Estimate,RQ.EST,0.773753821849823
Cyprus,CYP,Rule of Law: Estimate,RL.EST,0.570798516273499
Cyprus,CYP,Voice and Accountability: Estimate,VA.EST,0.846960842609406
Cyprus,CYP,Control of Corruption: Estimate,CC.EST,0.421609163284302
Czechia,CZE,Government Effectiveness: Estimate,GE.EST,1.0939074754715
Czechia,CZE,Political Stability and Absence of Violence/Terrorism: Estimate,PV.EST,0.815441370010376
Czechia,CZE,Regulatory Quality: Estimate,RQ.EST,1.38589835166931
Czechia,CZE,Rule of Law: Estimate,RL.EST,1.10080575942993
Czechia,CZE,Voice and Accountability: Estimate,VA.EST,1.03731441497803
Czechia,CZE,Control of Corruption: Estimate,CC.EST,0.663116157054901
Denmark,DNK,Government Effectiveness: Estimate,GE.EST,1.9906097650528
Denmark,DNK,Political Stability and Absence of Violence/Terrorism: Estimate,PV.EST,0.86500883102417
Denmark,DNK,Regulatory Quality: Estimate,RQ.EST,1.84312748908997
Denmark,DNK,Rule of Law: Estimate,RL.EST,1.90030813217163
Denmark,DNK,Voice and Accountability: Estimate,VA.EST,1.58586609363556
Denmark,DNK,Control of Corruption: Estimate,CC.EST,2.40274429321289
Djibouti,DJI,Government Effectiveness: Estimate,GE.EST,-0.786164522171021
Djibouti,DJI,Political Stability and Absence of Violence/Terrorism: Estimate,PV.EST,-0.508419454097748
Djibouti,DJI,Regulatory Quality: Estimate,RQ.EST,-0.899799406528473
Djibouti,DJI,Rule of Law: Estimate,RL.EST,-1.10204446315765
Djibouti,DJI,Voice and Accountability: Estimate,VA.EST,-1.28706395626068
Djibouti,DJI,Control of Corruption: Estimate,CC.EST,-0.793283402919769
Dominica,DMA,Government Effectiveness: Estimate,GE.EST,-0.0970938131213188
Dominica,DMA,Political Stability and Absence of Violence/Terrorism: Estimate,PV.EST,1.29823231697083
Dominica,DMA,Regulatory Quality: Estimate,RQ.EST,0.341509431600571
Dominica,DMA,Rule of Law: Estimate,RL.EST,0.733293771743774
Dominica,DMA,Voice and Accountability: Estimate,VA.EST,0.794093906879425
Dominica,DMA,Control of Corruption: Estimate,CC.EST,0.539313197135925
Dominican Republic,DOM,Government Effectiveness: Estimate,GE.EST,-0.0677330642938614
Dominican Republic,DOM,Political Stability and Absence of Violence/Terrorism: Estimate,PV.EST,0.328113049268723
Dominican Republic,DOM,Regulatory Quality: Estimate,RQ.EST,0.0695477873086929
Dominican Republic,DOM,Rule of Law: Estimate,RL.EST,-0.0921753123402596
Dominican Republic,DOM,Voice and Accountability: Estimate,VA.EST,0.310950070619583
Dominican Republic,DOM,Control of Corruption: Estimate,CC.EST,-0.439608067274094
Ecuador,ECU,Government Effectiveness: Estimate,GE.EST,-0.308546245098114
Ecuador,ECU,Political Stability and Absence of Violence/Terrorism: Estimate,PV.EST,-0.239295244216919
Ecuador,ECU,Regulatory Quality: Estimate,RQ.EST,-0.45972153544426
Ecuador,ECU,Rule of Law: Estimate,RL.EST,-0.620224118232727
Ecuador,ECU,Voice and Accountability: Estimate,VA.EST,0.0259184092283249
Ecuador,ECU,Control of Corruption: Estimate,CC.EST,-0.629928469657898
"Egypt, Arab Rep.",EGY,Government Effectiveness: Estimate,GE.EST,-0.447546809911728
"Egypt, Arab Rep.",EGY,Political Stability and Absence of Violence/Terrorism: Estimate,PV.EST,-1.02805662155151
"Egypt, Arab Rep.",EGY,Regulatory Quality: Estimate,RQ.EST,-0.713920831680298
"Egypt, Arab Rep.",EGY,Rule of Law: Estimate,RL.EST,-0.263772666454315
"Egypt, Arab Rep.",EGY,Voice and Accountability: Estimate,VA.EST,-1.45158803462982
"Egypt, Arab Rep.",EGY,Control of Corruption: Estimate,CC.EST,-0.678810477256775
El Salvador,SLV,Government Effectiveness: Estimate,GE.EST,-0.320332825183868
El Salvador,SLV,Political Stability and Absence of Violence/Terrorism: Estimate,PV.EST,-0.153124496340752
El Salvador,SLV,Regulatory Quality: Estimate,RQ.EST,-0.462724059820175
El Salvador,SLV,Rule of Law: Estimate,RL.EST,-0.741353929042816
El Salvador,SLV,Voice and Accountability: Estimate,VA.EST,-0.371873050928116
El Salvador,SLV,Control of Corruption: Estimate,CC.EST,-0.642081201076508
Equatorial Guinea,GNQ,Government Effectiveness: Estimate,GE.EST,-1.29638779163361
Equatorial Guinea,GNQ,Political Stability and Absence of Violence/Terrorism: Estimate,PV.EST,-0.0742535442113876
Equatorial Guinea,GNQ,Regulatory Quality: Estimate,RQ.EST,-1.49326610565186
Equatorial Guinea,GNQ,Rule of Law: Estimate,RL.EST,-1.40625643730164
Equatorial Guinea,GNQ,Voice and Accountability: Estimate,VA.EST,-1.66811335086823
Equatorial Guinea,GNQ,Control of Corruption: Estimate,CC.EST,-1.60171604156494
Eritrea,ERI,Government Effectiveness: Estimate,GE.EST,-1.73040449619293
Eritrea,ERI,Political Stability and Absence of Violence/Terrorism: Estimate,PV.EST,-0.970292985439301
Eritrea,ERI,Regulatory Quality: Estimate,RQ.EST,-2.36939263343811
Eritrea,ERI,Rule of Law: Estimate,RL.EST,-1.7713862657547
Eritrea,ERI,Voice and Accountability: Estimate,VA.EST,-1.8799307346344
Eritrea,ERI,Control of Corruption: Estimate,CC.EST,-1.282102227211
Estonia,EST,Government Effectiveness: Estimate,GE.EST,1.34313404560089
Estonia,EST,Political Stability and Absence of Violence/Terrorism: Estimate,PV.EST,0.723720729351044
Estonia,EST,Regulatory Quality: Estimate,RQ.EST,1.5589644908905
Estonia,EST,Rule of Law: Estimate,RL.EST,1.42638909816742
Estonia,EST,Voice and Accountability: Estimate,VA.EST,1.19773054122925
Estonia,EST,Control of Corruption: Estimate,CC.EST,1.54468286037445
Eswatini,SWZ,Government Effectiveness: Estimate,GE.EST,-0.686120450496674
Eswatini,SWZ,Political Stability and Absence of Violence/Terrorism: Estimate,PV.EST,-0.249723330140114
Eswatini,SWZ,Regulatory Quality: Estimate,RQ.EST,-0.718993604183197
Eswatini,SWZ,Rule of Law: Estimate,RL.EST,-0.602303206920624
Eswatini,SWZ,Voice and Accountability: Estimate,VA.EST,-1.22704982757568
Eswatini,SWZ,Control of Corruption: Estimate,CC.EST,-0.668882489204407
Ethiopia,ETH,Government Effectiveness: Estimate,GE.EST,-0.745265185832977
Ethiopia,ETH,Political Stability and Absence of Violence/Terrorism: Estimate,PV.EST,-2.03806757926941
Ethiopia,ETH,Regulatory Quality: Estimate,RQ.EST,-0.94841742515564
Ethiopia,ETH,Rule of Law: Estimate,RL.EST,-0.623456954956055
Ethiopia,ETH,Voice and Accountability: Estimate,VA.EST,-1.04858255386353
Ethiopia,ETH,Control of Corruption: Estimate,CC.EST,-0.44087877869606
Fiji,FJI,Government Effectiveness: Estimate,GE.EST,0.591782867908478
Fiji,FJI,Political Stability and Absence of Violence/Terrorism: Estimate,PV.EST,0.764339506626129
Fiji,FJI,Regulatory Quality: Estimate,RQ.EST,-0.0602172017097473
Fiji,FJI,Rule of Law: Estimate,RL.EST,0.321682155132294
Fiji,FJI,Voice and Accountability: Estimate,VA.EST,-0.149171754717827
Fiji,FJI,Control of Corruption: Estimate,CC.EST,0.388570487499237
Finland,FIN,Government Effectiveness: Estimate,GE.EST,1.75512683391571
Finland,FIN,Political Stability and Absence of Violence/Terrorism: Estimate,PV.EST,0.891491711139679
Finland,FIN,Regulatory Quality: Estimate,RQ.EST,1.77915287017822
Finland,FIN,Rule of Law: Estimate,RL.EST,1.95837247371674
Finland,FIN,Voice and Accountability: Estimate,VA.EST,1.60161948204041
Finland,FIN,Control of Corruption: Estimate,CC.EST,2.24697780609131
France,FRA,Government Effectiveness: Estimate,GE.EST,1.165806889534
France,FRA,Political Stability and Absence of Violence/Terrorism: Estimate,PV.EST,0.334524124860764
France,FRA,Regulatory Quality: Estimate,RQ.EST,1.1889523267746
France,FRA,Rule of Law: Estimate,RL.EST,1.18272042274475
France,FRA,Voice and Accountability: Estimate,VA.EST,1.10586476325989
France,FRA,Control of Corruption: Estimate,CC.EST,1.25952994823456
French Guiana,GUF,Government Effectiveness: Estimate,GE.EST,1.24233055114746
French Guiana,GUF,Political Stability and Absence of Violence/Terrorism: Estimate,PV.EST,0.331466466188431
French Guiana,GUF,Regulatory Quality: Estimate,RQ.EST,1.0855724811554
French Guiana,GUF,Rule of Law: Estimate,RL.EST,1.13470649719238
French Guiana,GUF,Voice and Accountability: Estimate,VA.EST,1.26603055000305
French Guiana,GUF,Control of Corruption: Estimate,CC.EST,0.936512172222137
Gabon,GAB,Government Effectiveness: Estimate,GE.EST,-0.726116597652435
Gabon,GAB,Political Stability and Absence of Violence/Terrorism: Estimate,PV.EST,0.0698951333761215
Gabon,GAB,Regulatory Quality: Estimate,RQ.EST,-0.702257215976715
Gabon,GAB,Rule of Law: Estimate,RL.EST,-0.840579450130463
Gabon,GAB,Voice and Accountability: Estimate,VA.EST,-0.879000067710876
Gabon,GAB,Control of Corruption: Estimate,CC.EST,-1.04809939861298
"Gambia, The",GMB,Government Effectiveness: Estimate,GE.EST,-0.674558699131012
"Gambia, The",GMB,Political Stability and Absence of Violence/Terrorism: Estimate,PV.EST,0.0458285696804523
"Gambia, The",GMB,Regulatory Quality: Estimate,RQ.EST,-0.714570105075836
"Gambia, The",GMB,Rule of Law: Estimate,RL.EST,-0.449605196714401
"Gambia, The",GMB,Voice and Accountability: Estimate,VA.EST,-0.0414298065006733
"Gambia, The",GMB,Control of Corruption: Estimate,CC.EST,-0.278427481651306
Georgia,GEO,Government Effectiveness: Estimate,GE.EST,0.650825500488281
Georgia,GEO,Political Stability and Absence of Violence/Terrorism: Estimate,PV.EST,-0.440949499607086
Georgia,GEO,Regulatory Quality: Estimate,RQ.EST,1.0323086977005
Georgia,GEO,Rule of Law: Estimate,RL.EST,0.169973269104958
Georgia,GEO,Voice and Accountability: Estimate,VA.EST,0.0137373208999634
Georgia,GEO,Control of Corruption: Estimate,CC.EST,0.620237648487091
Germany,DEU,Government Effectiveness: Estimate,GE.EST,1.2898074388504
Germany,DEU,Political Stability and Absence of Violence/Terrorism: Estimate,PV.EST,0.614759147167206
Germany,DEU,Regulatory Quality: Estimate,RQ.EST,1.52229499816895
Germany,DEU,Rule of Law: Estimate,RL.EST,1.53315436840057
Germany,DEU,Voice and Accountability: Estimate,VA.EST,1.4095424413681
Germany,DEU,Control of Corruption: Estimate,CC.EST,1.81837582588196
Ghana,GHA,Government Effectiveness: Estimate,GE.EST,-0.0625455379486084
Ghana,GHA,Political Stability and Absence of Violence/Terrorism: Estimate,PV.EST,-0.0659129694104195
Ghana,GHA,Regulatory Quality: Estimate,RQ.EST,-0.178818702697754
Ghana,GHA,Rule of Law: Estimate,RL.EST,-0.0763198062777519
Ghana,GHA,Voice and Accountability: Estimate,VA.EST,0.394973695278168
Ghana,GHA,Control of Corruption: Estimate,CC.EST,-0.0459954999387264
Greece,GRC,Government Effectiveness: Estimate,GE.EST,0.447398781776428
Greece,GRC,Political Stability and Absence of Violence/Terrorism: Estimate,PV.EST,0.0643030628561974
Greece,GRC,Regulatory Quality: Estimate,RQ.EST,0.464378982782364
Greece,GRC,Rule of Law: Estimate,RL.EST,0.325584709644318
Greece,GRC,Voice and Accountability: Estimate,VA.EST,0.953022003173828
Greece,GRC,Control of Corruption: Estimate,CC.EST,0.0377966053783894
Greenland,GRL,Government Effectiveness: Estimate,GE.EST,0.756873250007629
Greenland,GRL,Political Stability and Absence of Violence/Terrorism: Estimate,PV.EST,1.56596922874451
Greenland,GRL,Regulatory Quality: Estimate,RQ.EST,1.20317161083221
Greenland,GRL,Rule of Law: Estimate,RL.EST,1.69060826301575
Greenland,GRL,Voice and Accountability: Estimate,VA.EST,1.26603055000305
Greenland,GRL,Control of Corruption: Estimate,CC.EST,1.02883803844452
Grenada,GRD,Government Effectiveness: Estimate,GE.EST,0.0384795591235161
Grenada,GRD,Political Stability and Absence of Violence/Terrorism: Estimate,PV.EST,1.04379844665527
Grenada,GRD,Regulatory Quality: Estimate,RQ.EST,0.393730491399765
Grenada,GRD,Rule of Law: Estimate,RL.EST,0.554005026817322
Grenada,GRD,Voice and Accountability: Estimate,VA.EST,0.703290700912476
Grenada,GRD,Control of Corruption: Estimate,CC.EST,0.483669131994247
Guam,GUM,Government Effectiveness: Estimate,GE.EST,0.667918145656586
Guam,GUM,Political Stability and Absence of Violence/Terrorism: Estimate,PV.EST,0.808528244495392
Guam,GUM,Regulatory Quality: Estimate,RQ.EST,0.545899748802185
Guam,GUM,Rule of Law: Estimate,RL.EST,1.22111785411835
Guam,GUM,Voice and Accountability: Estimate,VA.EST,1.10207986831665
Guam,GUM,Control of Corruption: Estimate,CC.EST,1.27020359039307
Guatemala,GTM,Government Effectiveness: Estimate,GE.EST,-0.906891822814941
Guatemala,GTM,Political Stability and Absence of Violence/Terrorism: Estimate,PV.EST,-0.30497133731842
Guatemala,GTM,Regulatory Quality: Estimate,RQ.EST,-0.291810005903244
Guatemala,GTM,Rule of Law: Estimate,RL.EST,-1.12713825702667
Guatemala,GTM,Voice and Accountability: Estimate,VA.EST,-0.523062348365784
Guatemala,GTM,Control of Corruption: Estimate,CC.EST,-1.20975136756897
Guinea,GIN,Government Effectiveness: Estimate,GE.EST,-0.941579163074493
Guinea,GIN,Political Stability and Absence of Violence/Terrorism: Estimate,PV.EST,-0.864391386508942
Guinea,GIN,Regulatory Quality: Estimate,RQ.EST,-1.05010461807251
Guinea,GIN,Rule of Law: Estimate,RL.EST,-1.10235893726349
Guinea,GIN,Voice and Accountability: Estimate,VA.EST,-1.07498741149902
Guinea,GIN,Control of Corruption: Estimate,CC.EST,-1.00541496276855
Guinea-Bissau,GNB,Government Effectiveness: Estimate,GE.EST,-1.48615753650665
Guinea-Bissau,GNB,Political Stability and Absence of Violence/Terrorism: Estimate,PV.EST,-0.394830405712128
Guinea-Bissau,GNB,Regulatory Quality: Estimate,RQ.EST,-1.32148897647858
Guinea-Bissau,GNB,Rule of Law: Estimate,RL.EST,-1.45421802997589
Guinea-Bissau,GNB,Voice and Accountability: Estimate,VA.EST,-0.39475405216217
Guinea-Bissau,GNB,Control of Corruption: Estimate,CC.EST,-1.18539381027222
Guyana,GUY,Government Effectiveness: Estimate,GE.EST,-0.265898406505585
Guyana,GUY,Political Stability and Absence of Violence/Terrorism: Estimate,PV.EST,0.0270621627569199
Guyana,GUY,Regulatory Quality: Estimate,RQ.EST,-0.527693390846252
Guyana,GUY,Rule of Law: Estimate,RL.EST,-0.313648909330368
Guyana,GUY,Voice and Accountability: Estimate,VA.EST,0.191786617040634
Guyana,GUY,Control of Corruption: Estimate,CC.EST,-0.295775651931763
Haiti,HTI,Government Effectiveness: Estimate,GE.EST,-2.22696566581726
Haiti,HTI,Political Stability and Absence of Violence/Terrorism: Estimate,PV.EST,-1.4062956571579
Haiti,HTI,Regulatory Quality: Estimate,RQ.EST,-1.31438434123993
Haiti,HTI,Rule of Law: Estimate,RL.EST,-1.37736070156097
Haiti,HTI,Voice and Accountability: Estimate,VA.EST,-1.19199299812317
Haiti,HTI,Control of Corruption: Estimate,CC.EST,-1.45903766155243
Honduras,HND,Government Effectiveness: Estimate,GE.EST,-0.866467356681824
Honduras,HND,Political Stability and Absence of Violence/Terrorism: Estimate,PV.EST,-0.552035331726074
Honduras,HND,Regulatory Quality: Estimate,RQ.EST,-0.485292732715607
Honduras,HND,Rule of Law: Estimate,RL.EST,-1.01709938049316
Honduras,HND,Voice and Accountability: Estimate,VA.EST,-0.491803079843521
Honduras,HND,Control of Corruption: Estimate,CC.EST,-1.00207138061523
"Hong Kong SAR, China",HKG,Government Effectiveness: Estimate,GE.EST,1.59022283554077
"Hong Kong SAR, China",HKG,Political Stability and Absence of Violence/Terrorism: Estimate,PV.EST,0.61155503988266
"Hong Kong SAR, China",HKG,Regulatory Quality: Estimate,RQ.EST,1.58980143070221
"Hong Kong SAR, China",HKG,Rule of Law: Estimate,RL.EST,1.2792032957077
"Hong Kong SAR, China",HKG,Voice and Accountability: Estimate,VA.EST,-0.406677544116974
"Hong Kong SAR, China",HKG,Control of Corruption: Estimate,CC.EST,1.61064612865448
Hungary,HUN,Government Effectiveness: Estimate,GE.EST,0.534344553947449
Hungary,HUN,Political Stability and Absence of Violence/Terrorism: Estimate,PV.EST,0.635951280593872
Hungary,HUN,Regulatory Quality: Estimate,RQ.EST,0.406537681818008
Hungary,HUN,Rule of Law: Estimate,RL.EST,0.423674017190933
Hungary,HUN,Voice and Accountability: Estimate,VA.EST,0.422079831361771
Hungary,HUN,Control of Corruption: Estimate,CC.EST,-0.103074185550213
Iceland,ISL,Government Effectiveness: Estimate,GE.EST,1.56327533721924
Iceland,ISL,Political Stability and Absence of Violence/Terrorism: Estimate,PV.EST,1.26293528079987
Iceland,ISL,Regulatory Quality: Estimate,RQ.EST,1.30729651451111
Iceland,ISL,Rule of Law: Estimate,RL.EST,1.70302581787109
Iceland,ISL,Voice and Accountability: Estimate,VA.EST,1.42238974571228
Iceland,ISL,Control of Corruption: Estimate,CC.EST,1.56752812862396
India,IND,Government Effectiveness: Estimate,GE.EST,0.370331406593323
India,IND,Political Stability and Absence of Violence/Terrorism: Estimate,PV.EST,-0.568608164787292
India,IND,Regulatory Quality: Estimate,RQ.EST,-0.0504464171826839
India,IND,Rule of Law: Estimate,RL.EST,0.11470004171133
India,IND,Voice and Accountability: Estimate,VA.EST,0.0509058088064194
India,IND,Control of Corruption: Estimate,CC.EST,-0.321810871362686
Indonesia,IDN,Government Effectiveness: Estimate,GE.EST,0.436999291181564
Indonesia,IDN,Political Stability and Absence of Violence/Terrorism: Estimate,PV.EST,-0.439423859119415
Indonesia,IDN,Regulatory Quality: Estimate,RQ.EST,0.205959960818291
Indonesia,IDN,Rule of Law: Estimate,RL.EST,-0.188954651355743
Indonesia,IDN,Voice and Accountability: Estimate,VA.EST,0.141518741846085
Indonesia,IDN,Control of Corruption: Estimate,CC.EST,-0.434910655021667
"Iran, Islamic Rep.",IRN,Government Effectiveness: Estimate,GE.EST,-0.882116675376892
"Iran, Islamic Rep.",IRN,Political Stability and Absence of Violence/Terrorism: Estimate,PV.EST,-1.58643913269043
"Iran, Islamic Rep.",IRN,Regulatory Quality: Estimate,RQ.EST,-1.59271132946014
"Iran, Islamic Rep.",IRN,Rule of Law: Estimate,RL.EST,-1.01707208156586
"Iran, Islamic Rep.",IRN,Voice and Accountability: Estimate,VA.EST,-1.45943284034729
"Iran, Islamic Rep.",IRN,Control of Corruption: Estimate,CC.EST,-1.12637281417847
Iraq,IRQ,Government Effectiveness: Estimate,GE.EST,-1.30191540718079
Iraq,IRQ,Political Stability and Absence of Violence/Terrorism: Estimate,PV.EST,-2.47392463684082
Iraq,IRQ,Regulatory Quality: Estimate,RQ.EST,-1.18048512935638
Iraq,IRQ,Rule of Law: Estimate,RL.EST,-1.75057303905487
Iraq,IRQ,Voice and Accountability: Estimate,VA.EST,-0.948201417922974
Iraq,IRQ,Control of Corruption: Estimate,CC.EST,-1.21293413639069
Ireland,IRL,Government Effectiveness: Estimate,GE.EST,1.54913818836212
Ireland,IRL,Political Stability and Absence of Violence/Terrorism: Estimate,PV.EST,0.881889522075653
Ireland,IRL,Regulatory Quality: Estimate,RQ.EST,1.63956081867218
Ireland,IRL,Rule of Law: Estimate,RL.EST,1.5274144411087
Ireland,IRL,Voice and Accountability: Estimate,VA.EST,1.44950783252716
Ireland,IRL,Control of Corruption: Estimate,CC.EST,1.67444837093353
Israel,ISR,Government Effectiveness: Estimate,GE.EST,1.23656439781189
Israel,ISR,Political Stability and Absence of Violence/Terrorism: Estimate,PV.EST,-1.285315990448
Israel,ISR,Regulatory Quality: Estimate,RQ.EST,1.20628762245178
Israel,ISR,Rule of Law: Estimate,RL.EST,0.94524872303009
Israel,ISR,Voice and Accountability: Estimate,VA.EST,0.674335539340973
Israel,ISR,Control of Corruption: Estimate,CC.EST,0.781038999557495
Italy,ITA,Government Effectiveness: Estimate,GE.EST,0.449057072401047
Italy,ITA,Political Stability and Absence of Violence/Terrorism: Estimate,PV.EST,0.413505375385284
Italy,ITA,Regulatory Quality: Estimate,RQ.EST,0.510931491851807
Italy,ITA,Rule of Law: Estimate,RL.EST,0.297009468078613
Italy,ITA,Voice and Accountability: Estimate,VA.EST,1.07030594348907
Italy,ITA,Control of Corruption: Estimate,CC.EST,0.52778172492981
Jamaica,JAM,Government Effectiveness: Estimate,GE.EST,0.604482173919678
Jamaica,JAM,Political Stability and Absence of Violence/Terrorism: Estimate,PV.EST,0.379746347665787
Jamaica,JAM,Regulatory Quality: Estimate,RQ.EST,0.190213531255722
Jamaica,JAM,Rule of Law: Estimate,RL.EST,-0.0719267576932907
Jamaica,JAM,Voice and Accountability: Estimate,VA.EST,0.588516116142273
Jamaica,JAM,Control of Corruption: Estimate,CC.EST,-0.0233815424144268
Japan,JPN,Government Effectiveness: Estimate,GE.EST,1.61974680423737
Japan,JPN,Political Stability and Absence of Violence/Terrorism: Estimate,PV.EST,1.07391095161438
Japan,JPN,Regulatory Quality: Estimate,RQ.EST,1.43877255916595
Japan,JPN,Rule of Law: Estimate,RL.EST,1.55824029445648
Japan,JPN,Voice and Accountability: Estimate,VA.EST,1.01706731319427
Japan,JPN,Control of Corruption: Estimate,CC.EST,1.53997182846069
"Jersey, Channel Islands",JEY,Government Effectiveness: Estimate,GE.EST,1.17064797878265
"Jersey, Channel Islands",JEY,Political Stability and Absence of Violence/Terrorism: Estimate,PV.EST,1.61947870254517
"Jersey, Channel Islands",JEY,Regulatory Quality: Estimate,RQ.EST,0.9770467877388
"Jersey, Channel Islands",JEY,Rule of Law: Estimate,RL.EST,1.69060826301575
"Jersey, Channel Islands",JEY,Voice and Accountability: Estimate,VA.EST,1.26603055000305
"Jersey, Channel Islands",JEY,Control of Corruption: Estimate,CC.EST,1.02883803844452
Jordan,JOR,Government Effectiveness: Estimate,GE.EST,0.194713801145554
Jordan,JOR,Political Stability and Absence of Violence/Terrorism: Estimate,PV.EST,-0.296307682991028
Jordan,JOR,Regulatory Quality: Estimate,RQ.EST,0.156793341040611
Jordan,JOR,Rule of Law: Estimate,RL.EST,0.217172458767891
Jordan,JOR,Voice and Accountability: Estimate,VA.EST,-0.794852614402771
Jordan,JOR,Control of Corruption: Estimate,CC.EST,0.0730471760034561
Kazakhstan,KAZ,Government Effectiveness: Estimate,GE.EST,0.143430486321449
Kazakhstan,KAZ,Political Stability and Absence of Violence/Terrorism: Estimate,PV.EST,-0.356833428144455
Kazakhstan,KAZ,Regulatory Quality: Estimate,RQ.EST,-0.0112340543419123
Kazakhstan,KAZ,Rule of Law: Estimate,RL.EST,-0.474393337965012
Kazakhstan,KAZ,Voice and Accountability: Estimate,VA.EST,-1.06673884391785
Kazakhstan,KAZ,Control of Corruption: Estimate,CC.EST,-0.185301154851913
Kenya,KEN,Government Effectiveness: Estimate,GE.EST,-0.300569444894791
Kenya,KEN,Political Stability and Absence of Violence/Terrorism: Estimate,PV.EST,-0.943087220191956
Kenya,KEN,Regulatory Quality: Estimate,RQ.EST,-0.380829960107803
Kenya,KEN,Rule of Law: Estimate,RL.EST,-0.321951180696487
Kenya,KEN,Voice and Accountability: Estimate,VA.EST,-0.208831712603569
Kenya,KEN,Control of Corruption: Estimate,CC.EST,-0.759701311588287
Kiribati,KIR,Government Effectiveness: Estimate,GE.EST,0.167575597763062
Kiribati,KIR,Political Stability and Absence of Violence/Terrorism: Estimate,PV.EST,1.11602663993835
Kiribati,KIR,Regulatory Quality: Estimate,RQ.EST,-0.261825948953629
Kiribati,KIR,Rule of Law: Estimate,RL.EST,0.622418999671936
Kiribati,KIR,Voice and Accountability: Estimate,VA.EST,1.09391689300537
Kiribati,KIR,Control of Corruption: Estimate,CC.EST,0.236564710736275
"Korea, Dem. People's Rep.",PRK,Government Effectiveness: Estimate,GE.EST,-1.46298551559448
"Korea, Dem. People's Rep.",PRK,Political Stability and Absence of Violence/Terrorism: Estimate,PV.EST,-0.412224322557449
"Korea, Dem. People's Rep.",PRK,Regulatory Quality: Estimate,RQ.EST,-2.39301609992981
"Korea, Dem. People's Rep.",PRK,Rule of Law: Estimate,RL.EST,-1.66108667850494
"Korea, Dem. People's Rep.",PRK,Voice and Accountability: Estimate,VA.EST,-2.02192330360413
"Korea, Dem. People's Rep.",PRK,Control of Corruption: Estimate,CC.EST,-1.60609889030457
"Korea, Rep.",KOR,Government Effectiveness: Estimate,GE.EST,1.34957349300385
"Korea, Rep.",KOR,Political Stability and Absence of Violence/Terrorism: Estimate,PV.EST,0.56241101026535
"Korea, Rep.",KOR,Regulatory Quality: Estimate,RQ.EST,1.1452225446701
"Korea, Rep.",KOR,Rule of Law: Estimate,RL.EST,1.15970313549042
"Korea, Rep.",KOR,Voice and Accountability: Estimate,VA.EST,0.872202396392822
"Korea, Rep.",KOR,Control of Corruption: Estimate,CC.EST,0.748461604118347
Kosovo,XKX,Government Effectiveness: Estimate,GE.EST,-0.194389581680298
Kosovo,XKX,Political Stability and Absence of Violence/Terrorism: Estimate,PV.EST,-0.252448588609695
Kosovo,XKX,Regulatory Quality: Estimate,RQ.EST,-0.389362215995789
Kosovo,XKX,Rule of Law: Estimate,RL.EST,-0.366031259298325
Kosovo,XKX,Voice and Accountability: Estimate,VA.EST,-0.0578916594386101
Kosovo,XKX,Control of Corruption: Estimate,CC.EST,-0.263794988393784
Kuwait,KWT,Government Effectiveness: Estimate,GE.EST,0.112373597919941
Kuwait,KWT,Political Stability and Absence of Violence/Terrorism: Estimate,PV.EST,0.28121742606163
Kuwait,KWT,Regulatory Quality: Estimate,RQ.EST,0.21008063852787
Kuwait,KWT,Rule of Law: Estimate,RL.EST,0.280016601085663
Kuwait,KWT,Voice and Accountability: Estimate,VA.EST,-0.685681581497192
Kuwait,KWT,Control of Corruption: Estimate,CC.EST,0.127030700445175
Kyrgyz Republic,KGZ,Government Effectiveness: Estimate,GE.EST,-0.889000654220581
Kyrgyz Republic,KGZ,Political Stability and Absence of Violence/Terrorism: Estimate,PV.EST,-0.54657906293869
Kyrgyz Republic,KGZ,Regulatory Quality: Estimate,RQ.EST,-0.63258820772171
Kyrgyz Republic,KGZ,Rule of Law: Estimate,RL.EST,-1.14780843257904
Kyrgyz Republic,KGZ,Voice and Accountability: Estimate,VA.EST,-0.723176777362823
Kyrgyz Republic,KGZ,Control of Corruption: Estimate,CC.EST,-1.23002862930298
Lao PDR,LAO,Government Effectiveness: Estimate,GE.EST,-0.595122039318085
Lao PDR,LAO,Political Stability and Absence of Violence/Terrorism: Estimate,PV.EST,0.802727520465851
Lao PDR,LAO,Regulatory Quality: Estimate,RQ.EST,-0.987142562866211
Lao PDR,LAO,Rule of Law: Estimate,RL.EST,-0.805023312568665
Lao PDR,LAO,Voice and Accountability: Estimate,VA.EST,-1.65662670135498
Lao PDR,LAO,Control of Corruption: Estimate,CC.EST,-0.96577912569046
Latvia,LVA,Government Effectiveness: Estimate,GE.EST,0.691895127296448
Latvia,LVA,Political Stability and Absence of Violence/Terrorism: Estimate,PV.EST,0.480724364519119
Latvia,LVA,Regulatory Quality: Estimate,RQ.EST,1.17088675498962
Latvia,LVA,Rule of Law: Estimate,RL.EST,0.921995937824249
Latvia,LVA,Voice and Accountability: Estimate,VA.EST,0.933728396892548
Latvia,LVA,Control of Corruption: Estimate,CC.EST,0.693852961063385
Lebanon,LBN,Government Effectiveness: Estimate,GE.EST,-1.45865571498871
Lebanon,LBN,Political Stability and Absence of Violence/Terrorism: Estimate,PV.EST,-1.47351241111755
Lebanon,LBN,Regulatory Quality: Estimate,RQ.EST,-1.13251137733459
Lebanon,LBN,Rule of Law: Estimate,RL.EST,-1.10264194011688
Lebanon,LBN,Voice and Accountability: Estimate,VA.EST,-0.630593657493591
Lebanon,LBN,Control of Corruption: Estimate,CC.EST,-1.1268949508667
Lesotho,LSO,Government Effectiveness: Estimate,GE.EST,-0.890573918819427
Lesotho,LSO,Political Stability and Absence of Violence/Terrorism: Estimate,PV.EST,-0.134738370776176
Lesotho,LSO,Regulatory Quality: Estimate,RQ.EST,-0.615311503410339
Lesotho,LSO,Rule of Law: Estimate,RL.EST,-0.487372189760208
Lesotho,LSO,Voice and Accountability: Estimate,VA.EST,0.0513854324817657
Lesotho,LSO,Control of Corruption: Estimate,CC.EST,-0.357248216867447
Liberia,LBR,Government Effectiveness: Estimate,GE.EST,-1.43825364112854
Liberia,LBR,Political Stability and Absence of Violence/Terrorism: Estimate,PV.EST,-0.291599869728088
Liberia,LBR,Regulatory Quality: Estimate,RQ.EST,-0.980886161327362
Liberia,LBR,Rule of Law: Estimate,RL.EST,-0.91524463891983
Liberia,LBR,Voice and Accountability: Estimate,VA.EST,-0.0189059153199196
Liberia,LBR,Control of Corruption: Estimate,CC.EST,-0.926501333713531
Libya,LBY,Government Effectiveness: Estimate,GE.EST,-1.75491416454315
Libya,LBY,Political Stability and Absence of Violence/Terrorism: Estimate,PV.EST,-2.19796347618103
Libya,LBY,Regulatory Quality: Estimate,RQ.EST,-2.08934807777405
Libya,LBY,Rule of Law: Estimate,RL.EST,-1.80244541168213
Libya,LBY,Voice and Accountability: Estimate,VA.EST,-1.38782489299774
Libya,LBY,Control of Corruption: Estimate,CC.EST,-1.5259792804718
Liechtenstein,LIE,Government Effectiveness: Estimate,GE.EST,1.48783588409424
Liechtenstein,LIE,Political Stability and Absence of Violence/Terrorism: Estimate,PV.EST,1.64433610439301
Liechtenstein,LIE,Regulatory Quality: Estimate,RQ.EST,1.62934851646423
Liechtenstein,LIE,Rule of Law: Estimate,RL.EST,1.72041630744934
Liechtenstein,LIE,Voice and Accountability: Estimate,VA.EST,1.37199735641479
Liechtenstein,LIE,Control of Corruption: Estimate,CC.EST,1.71432709693909
Lithuania,LTU,Government Effectiveness: Estimate,GE.EST,0.994318783283234
Lithuania,LTU,Political Stability and Absence of Violence/Terrorism: Estimate,PV.EST,0.653739511966705
Lithuania,LTU,Regulatory Quality: Estimate,RQ.EST,1.29888129234314
Lithuania,LTU,Rule of Law: Estimate,RL.EST,1.06027901172638
Lithuania,LTU,Voice and Accountability: Estimate,VA.EST,1.06380426883698
Lithuania,LTU,Control of Corruption: Estimate,CC.EST,0.747045457363129
Luxembourg,LUX,Government Effectiveness: Estimate,GE.EST,1.77271509170532
Luxembourg,LUX,Political Stability and Absence of Violence/Terrorism: Estimate,PV.EST,1.06388890743256
Luxembourg,LUX,Regulatory Quality: Estimate,RQ.EST,1.83396697044373
Luxembourg,LUX,Rule of Law: Estimate,RL.EST,1.76914703845978
Luxembourg,LUX,Voice and Accountability: Estimate,VA.EST,1.53623878955841
Luxembourg,LUX,Control of Corruption: Estimate,CC.EST,1.88360249996185
"Macao SAR, China",MAC,Government Effectiveness: Estimate,GE.EST,1.10533332824707
"Macao SAR, China",MAC,Political Stability and Absence of Violence/Terrorism: Estimate,PV.EST,1.12756788730621
"Macao SAR, China",MAC,Regulatory Quality: Estimate,RQ.EST,1.82458806037903
"Macao SAR, China",MAC,Rule of Law: Estimate,RL.EST,0.791746437549591
"Macao SAR, China",MAC,Voice and Accountability: Estimate,VA.EST,-0.531910479068756
"Macao SAR, China",MAC,Control of Corruption: Estimate,CC.EST,0.868675053119659
Madagascar,MDG,Government Effectiveness: Estimate,GE.EST,-0.987728238105774
Madagascar,MDG,Political Stability and Absence of Violence/Terrorism: Estimate,PV.EST,-0.531038582324982
Madagascar,MDG,Regulatory Quality: Estimate,RQ.EST,-0.815499842166901
Madagascar,MDG,Rule of Law: Estimate,RL.EST,-0.942355334758759
Madagascar,MDG,Voice and Accountability: Estimate,VA.EST,-0.28731495141983
Madagascar,MDG,Control of Corruption: Estimate,CC.EST,-1.00865089893341
Malawi,MWI,Government Effectiveness: Estimate,GE.EST,-0.840930998325348
Malawi,MWI,Political Stability and Absence of Violence/Terrorism: Estimate,PV.EST,-0.152863919734955
Malawi,MWI,Regulatory Quality: Estimate,RQ.EST,-0.739736258983612
Malawi,MWI,Rule of Law: Estimate,RL.EST,-0.218995496630669
Malawi,MWI,Voice and Accountability: Estimate,VA.EST,0.0689592435956001
Malawi,MWI,Control of Corruption: Estimate,CC.EST,-0.610480070114136
Malaysia,MYS,Government Effectiveness: Estimate,GE.EST,0.993270576000214
Malaysia,MYS,Political Stability and Absence of Violence/Terrorism: Estimate,PV.EST,0.140358164906502
Malaysia,MYS,Regulatory Quality: Estimate,RQ.EST,0.644006609916687
Malaysia,MYS,Rule of Law: Estimate,RL.EST,0.561897993087769
Malaysia,MYS,Voice and Accountability: Estimate,VA.EST,-0.00209344946779311
Malaysia,MYS,Control of Corruption: Estimate,CC.EST,0.249183893203735
Maldives,MDV,Government Effectiveness: Estimate,GE.EST,-0.134175449609756
Maldives,MDV,Political Stability and Absence of Violence/Terrorism: Estimate,PV.EST,0.667752325534821
Maldives,MDV,Regulatory Quality: Estimate,RQ.EST,-0.657294631004334
Maldives,MDV,Rule of Law: Estimate,RL.EST,-0.027355907484889
Maldives,MDV,Voice and Accountability: Estimate,VA.EST,-0.24384805560112
Maldives,MDV,Control of Corruption: Estimate,CC.EST,-0.401500523090363
Mali,MLI,Government Effectiveness: Estimate,GE.EST,-1.19682347774506
Mali,MLI,Political Stability and Absence of Violence/Terrorism: Estimate,PV.EST,-2.47940897941589
Mali,MLI,Regulatory Quality: Estimate,RQ.EST,-0.634121775627136
Mali,MLI,Rule of Law: Estimate,RL.EST,-0.999322295188904
Mali,MLI,Voice and Accountability: Estimate,VA.EST,-0.902199983596802
Mali,MLI,Control of Corruption: Estimate,CC.EST,-0.879449665546417
Malta,MLT,Government Effectiveness: Estimate,GE.EST,0.80439019203186
Malta,MLT,Political Stability and Absence of Violence/Terrorism: Estimate,PV.EST,0.913422584533691
Malta,MLT,Regulatory Quality: Estimate,RQ.EST,0.674093782901764
Malta,MLT,Rule of Law: Estimate,RL.EST,0.787202715873718
Malta,MLT,Voice and Accountability: Estimate,VA.EST,1.07677125930786
Malta,MLT,Control of Corruption: Estimate,CC.EST,0.238677814602852
Marshall Islands,MHL,Government Effectiveness: Estimate,GE.EST,0.230687335133553
Marshall Islands,MHL,Political Stability and Absence of Violence/Terrorism: Estimate,PV.EST,1.05626726150513
Marshall Islands,MHL,Regulatory Quality: Estimate,RQ.EST,-0.394462466239929
Marshall Islands,MHL,Rule of Law: Estimate,RL.EST,0.725977838039398
Marshall Islands,MHL,Voice and Accountability: Estimate,VA.EST,1.1020542383194
Marshall Islands,MHL,Control of Corruption: Estimate,CC.EST,0.385005086660385
Martinique,MTQ,Government Effectiveness: Estimate,GE.EST,0.943713784217834
Martinique,MTQ,Political Stability and Absence of Violence/Terrorism: Estimate,PV.EST,0.636192321777344
Martinique,MTQ,Regulatory Quality: Estimate,RQ.EST,0.972116887569427
Martinique,MTQ,Rule of Law: Estimate,RL.EST,0.692453920841217
Martinique,MTQ,Voice and Accountability: Estimate,VA.EST,..
Martinique,MTQ,Control of Corruption: Estimate,CC.EST,0.632126808166504
Mauritania,MRT,Government Effectiveness: Estimate,GE.EST,-0.701024174690247
Mauritania,MRT,Political Stability and Absence of Violence/Terrorism: Estimate,PV.EST,-0.507473766803741
Mauritania,MRT,Regulatory Quality: Estimate,RQ.EST,-1.06221723556519
Mauritania,MRT,Rule of Law: Estimate,RL.EST,-0.658643126487732
Mauritania,MRT,Voice and Accountability: Estimate,VA.EST,-0.727800726890564
Mauritania,MRT,Control of Corruption: Estimate,CC.EST,-0.798844754695892
Mauritius,MUS,Government Effectiveness: Estimate,GE.EST,0.750284731388092
Mauritius,MUS,Political Stability and Absence of Violence/Terrorism: Estimate,PV.EST,0.835721731185913
Mauritius,MUS,Regulatory Quality: Estimate,RQ.EST,1.16610610485077
Mauritius,MUS,Rule of Law: Estimate,RL.EST,0.79998904466629
Mauritius,MUS,Voice and Accountability: Estimate,VA.EST,0.601032435894012
Mauritius,MUS,Control of Corruption: Estimate,CC.EST,0.412719398736954
Mexico,MEX,Government Effectiveness: Estimate,GE.EST,-0.280898958444595
Mexico,MEX,Political Stability and Absence of Violence/Terrorism: Estimate,PV.EST,-0.691959738731384
Mexico,MEX,Regulatory Quality: Estimate,RQ.EST,-0.148309499025345
Mexico,MEX,Rule of Law: Estimate,RL.EST,-0.866642534732819
Mexico,MEX,Voice and Accountability: Estimate,VA.EST,-0.121708184480667
Mexico,MEX,Control of Corruption: Estimate,CC.EST,-1.01186621189117
"Micronesia, Fed. Sts.",FSM,Government Effectiveness: Estimate,GE.EST,0.379839152097702
"Micronesia, Fed. Sts.",FSM,Political Stability and Absence of Violence/Terrorism: Estimate,PV.EST,1.21048414707184
"Micronesia, Fed. Sts.",FSM,Regulatory Quality: Estimate,RQ.EST,-0.561271905899048
"Micronesia, Fed. Sts.",FSM,Rule of Law: Estimate,RL.EST,0.686108767986298
"Micronesia, Fed. Sts.",FSM,Voice and Accountability: Estimate,VA.EST,1.13089883327484
"Micronesia, Fed. Sts.",FSM,Control of Corruption: Estimate,CC.EST,0.484119057655334
Moldova,MDA,Government Effectiveness: Estimate,GE.EST,-0.307013601064682
Moldova,MDA,Political Stability and Absence of Violence/Terrorism: Estimate,PV.EST,-0.668324410915375
Moldova,MDA,Regulatory Quality: Estimate,RQ.EST,0.101790711283684
Moldova,MDA,Rule of Law: Estimate,RL.EST,-0.286658674478531
Moldova,MDA,Voice and Accountability: Estimate,VA.EST,0.0947811678051949
Moldova,MDA,Control of Corruption: Estimate,CC.EST,-0.34193229675293
Monaco,MCO,Government Effectiveness: Estimate,GE.EST,2.04689598083496
Monaco,MCO,Political Stability and Absence of Violence/Terrorism: Estimate,PV.EST,1.20484304428101
Monaco,MCO,Regulatory Quality: Estimate,RQ.EST,1.39833402633667
Monaco,MCO,Rule of Law: Estimate,RL.EST,1.48544991016388
Monaco,MCO,Voice and Accountability: Estimate,VA.EST,0.71289449930191
Monaco,MCO,Control of Corruption: Estimate,CC.EST,1.27020359039307
Mongolia,MNG,Government Effectiveness: Estimate,GE.EST,-0.424908697605133
Mongolia,MNG,Political Stability and Absence of Violence/Terrorism: Estimate,PV.EST,0.533999085426331
Mongolia,MNG,Regulatory Quality: Estimate,RQ.EST,-0.27089050412178
Mongolia,MNG,Rule of Law: Estimate,RL.EST,-0.187423229217529
Mongolia,MNG,Voice and Accountability: Estimate,VA.EST,0.262911826372147
Mongolia,MNG,Control of Corruption: Estimate,CC.EST,-0.560807108879089
Montenegro,MNE,Government Effectiveness: Estimate,GE.EST,-0.0270149894058704
Montenegro,MNE,Political Stability and Absence of Violence/Terrorism: Estimate,PV.EST,-0.0591769814491272
Montenegro,MNE,Regulatory Quality: Estimate,RQ.EST,0.543230414390564
Montenegro,MNE,Rule of Law: Estimate,RL.EST,-0.12540140748024
Montenegro,MNE,Voice and Accountability: Estimate,VA.EST,0.272411823272705
Montenegro,MNE,Control of Corruption: Estimate,CC.EST,-0.11826478689909
Morocco,MAR,Government Effectiveness: Estimate,GE.EST,-0.131649643182755
Morocco,MAR,Political Stability and Absence of Violence/Terrorism: Estimate,PV.EST,-0.319889187812805
Morocco,MAR,Regulatory Quality: Estimate,RQ.EST,-0.0868896543979645
Morocco,MAR,Rule of Law: Estimate,RL.EST,-0.197303429245949
Morocco,MAR,Voice and Accountability: Estimate,VA.EST,-0.560848236083984
Morocco,MAR,Control of Corruption: Estimate,CC.EST,-0.357442885637283
Mozambique,MOZ,Government Effectiveness: Estimate,GE.EST,-0.714270293712616
Mozambique,MOZ,Political Stability and Absence of Violence/Terrorism: Estimate,PV.EST,-1.28796994686127
Mozambique,MOZ,Regulatory Quality: Estimate,RQ.EST,-0.726218461990356
Mozambique,MOZ,Rule of Law: Estimate,RL.EST,-1.02147579193115
Mozambique,MOZ,Voice and Accountability: Estimate,VA.EST,-0.606529355049133
Mozambique,MOZ,Control of Corruption: Estimate,CC.EST,-0.836388111114502
Myanmar,MMR,Government Effectiveness: Estimate,GE.EST,-1.68404102325439
Myanmar,MMR,Political Stability and Absence of Violence/Terrorism: Estimate,PV.EST,-2.21174263954163
Myanmar,MMR,Regulatory Quality: Estimate,RQ.EST,-1.23508405685425
Myanmar,MMR,Rule of Law: Estimate,RL.EST,-1.52855384349823
Myanmar,MMR,Voice and Accountability: Estimate,VA.EST,-1.80904972553253
Myanmar,MMR,Control of Corruption: Estimate,CC.EST,-1.15162312984467
Namibia,NAM,Government Effectiveness: Estimate,GE.EST,0.0394995212554932
Namibia,NAM,Political Stability and Absence of Violence/Terrorism: Estimate,PV.EST,0.556306064128876
Namibia,NAM,Regulatory Quality: Estimate,RQ.EST,-0.0150013873353601
Namibia,NAM,Rule of Law: Estimate,RL.EST,0.404543519020081
Namibia,NAM,Voice and Accountability: Estimate,VA.EST,0.561278462409973
Namibia,NAM,Control of Corruption: Estimate,CC.EST,0.215328231453896
Nauru,NRU,Government Effectiveness: Estimate,GE.EST,0.199985399842262
Nauru,NRU,Political Stability and Absence of Violence/Terrorism: Estimate,PV.EST,0.880902826786041
Nauru,NRU,Regulatory Quality: Estimate,RQ.EST,0.0192454010248184
Nauru,NRU,Rule of Law: Estimate,RL.EST,-0.0235836617648602
Nauru,NRU,Voice and Accountability: Estimate,VA.EST,0.618146777153015
Nauru,NRU,Control of Corruption: Estimate,CC.EST,0.601521968841553
Nepal,NPL,Government Effectiveness: Estimate,GE.EST,-0.917344748973846
Nepal,NPL,Political Stability and Absence of Violence/Terrorism: Estimate,PV.EST,-0.251907497644424
Nepal,NPL,Regulatory Quality: Estimate,RQ.EST,-0.650234937667847
Nepal,NPL,Rule of Law: Estimate,RL.EST,-0.448678463697433
Nepal,NPL,Voice and Accountability: Estimate,VA.EST,-0.049159400165081
Nepal,NPL,Control of Corruption: Estimate,CC.EST,-0.532641351222992
Netherlands,NLD,Government Effectiveness: Estimate,GE.EST,1.57946932315826
Netherlands,NLD,Political Stability and Absence of Violence/Terrorism: Estimate,PV.EST,0.717304825782776
Netherlands,NLD,Regulatory Quality: Estimate,RQ.EST,1.71227204799652
Netherlands,NLD,Rule of Law: Estimate,RL.EST,1.65742564201355
Netherlands,NLD,Voice and Accountability: Estimate,VA.EST,1.54186487197876
Netherlands,NLD,Control of Corruption: Estimate,CC.EST,1.91718029975891
Netherlands Antilles,ANT,Government Effectiveness: Estimate,GE.EST,..
Netherlands Antilles,ANT,Political Stability and Absence of Violence/Terrorism: Estimate,PV.EST,..
Netherlands Antilles,ANT,Regulatory Quality: Estimate,RQ.EST,..
Netherlands Antilles,ANT,Rule of Law: Estimate,RL.EST,..
Netherlands Antilles,ANT,Voice and Accountability: Estimate,VA.EST,..
Netherlands Antilles,ANT,Control of Corruption: Estimate,CC.EST,..
New Zealand,NZL,Government Effectiveness: Estimate,GE.EST,1.34053194522858
New Zealand,NZL,Political Stability and Absence of Violence/Terrorism: Estimate,PV.EST,1.31238234043121
New Zealand,NZL,Regulatory Quality: Estimate,RQ.EST,1.86519300937653
New Zealand,NZL,Rule of Law: Estimate,RL.EST,1.73179721832275
New Zealand,NZL,Voice and Accountability: Estimate,VA.EST,1.63967132568359
New Zealand,NZL,Control of Corruption: Estimate,CC.EST,2.16333413124084
Nicaragua,NIC,Government Effectiveness: Estimate,GE.EST,-1.03581631183624
Nicaragua,NIC,Political Stability and Absence of Violence/Terrorism: Estimate,PV.EST,-0.34842848777771
Nicaragua,NIC,Regulatory Quality: Estimate,RQ.EST,-0.91473376750946
Nicaragua,NIC,Rule of Law: Estimate,RL.EST,-1.30988025665283
Nicaragua,NIC,Voice and Accountability: Estimate,VA.EST,-1.34889101982117
Nicaragua,NIC,Control of Corruption: Estimate,CC.EST,-1.28731179237366
Niger,NER,Government Effectiveness: Estimate,GE.EST,-0.639215767383575
Niger,NER,Political Stability and Absence of Violence/Terrorism: Estimate,PV.EST,-1.47217929363251
Niger,NER,Regulatory Quality: Estimate,RQ.EST,-0.72080385684967
Niger,NER,Rule of Law: Estimate,RL.EST,-0.484884023666382
Niger,NER,Voice and Accountability: Estimate,VA.EST,-0.381765067577362
Niger,NER,Control of Corruption: Estimate,CC.EST,-0.585803985595703
Nigeria,NGA,Government Effectiveness: Estimate,GE.EST,-1.03512346744537
Nigeria,NGA,Political Stability and Absence of Violence/Terrorism: Estimate,PV.EST,-1.79814147949219
Nigeria,NGA,Regulatory Quality: Estimate,RQ.EST,-1.15594470500946
Nigeria,NGA,Rule of Law: Estimate,RL.EST,-0.913734316825867
Nigeria,NGA,Voice and Accountability: Estimate,VA.EST,-0.59521096944809
Nigeria,NGA,Control of Corruption: Estimate,CC.EST,-1.10103046894073
Niue,NIU,Government Effectiveness: Estimate,GE.EST,1.25708723068237
Niue,NIU,Political Stability and Absence of Violence/Terrorism: Estimate,PV.EST,1.339968085289
Niue,NIU,Regulatory Quality: Estimate,RQ.EST,0.130963504314423
Niue,NIU,Rule of Law: Estimate,RL.EST,-0.552327215671539
Niue,NIU,Voice and Accountability: Estimate,VA.EST,1.29008495807648
Niue,NIU,Control of Corruption: Estimate,CC.EST,-0.183730348944664
North Macedonia,MKD,Government Effectiveness: Estimate,GE.EST,-0.0810714960098267
North Macedonia,MKD,Political Stability and Absence of Violence/Terrorism: Estimate,PV.EST,0.11759065836668
North Macedonia,MKD,Regulatory Quality: Estimate,RQ.EST,0.452958881855011
North Macedonia,MKD,Rule of Law: Estimate,RL.EST,-0.0962801203131676
North Macedonia,MKD,Voice and Accountability: Estimate,VA.EST,0.159953981637955
North Macedonia,MKD,Control of Corruption: Estimate,CC.EST,-0.323431134223938
Norway,NOR,Government Effectiveness: Estimate,GE.EST,1.94218063354492
Norway,NOR,Political Stability and Absence of Violence/Terrorism: Estimate,PV.EST,0.860958337783813
Norway,NOR,Regulatory Quality: Estimate,RQ.EST,1.5161395072937
Norway,NOR,Rule of Law: Estimate,RL.EST,1.76217150688171
Norway,NOR,Voice and Accountability: Estimate,VA.EST,1.77486836910248
Norway,NOR,Control of Corruption: Estimate,CC.EST,2.0677604675293
Oman,OMN,Government Effectiveness: Estimate,GE.EST,0.0220412891358137
Oman,OMN,Political Stability and Absence of Violence/Terrorism: Estimate,PV.EST,0.529911398887634
Oman,OMN,Regulatory Quality: Estimate,RQ.EST,0.432644993066788
Oman,OMN,Rule of Law: Estimate,RL.EST,0.500481188297272
Oman,OMN,Voice and Accountability: Estimate,VA.EST,-1.147820353508
Oman,OMN,Control of Corruption: Estimate,CC.EST,0.0523995123803616
Pakistan,PAK,Government Effectiveness: Estimate,GE.EST,-0.623640716075897
Pakistan,PAK,Political Stability and Absence of Violence/Terrorism: Estimate,PV.EST,-1.90026199817657
Pakistan,PAK,Regulatory Quality: Estimate,RQ.EST,-0.886412620544434
Pakistan,PAK,Rule of Law: Estimate,RL.EST,-0.672492206096649
Pakistan,PAK,Voice and Accountability: Estimate,VA.EST,-0.862237751483917
Pakistan,PAK,Control of Corruption: Estimate,CC.EST,-0.804032683372498
Palau,PLW,Government Effectiveness: Estimate,GE.EST,0.449828535318375
Palau,PLW,Political Stability and Absence of Violence/Terrorism: Estimate,PV.EST,1.09686291217804
Palau,PLW,Regulatory Quality: Estimate,RQ.EST,0.442982524633408
Palau,PLW,Rule of Law: Estimate,RL.EST,0.952804446220398
Palau,PLW,Voice and Accountability: Estimate,VA.EST,1.06481456756592
Palau,PLW,Control of Corruption: Estimate,CC.EST,0.601521968841553
Panama,PAN,Government Effectiveness: Estimate,GE.EST,-0.127450808882713
Panama,PAN,Political Stability and Absence of Violence/Terrorism: Estimate,PV.EST,0.297832071781158
Panama,PAN,Regulatory Quality: Estimate,RQ.EST,0.127132147550583
Panama,PAN,Rule of Law: Estimate,RL.EST,-0.360025137662888
Panama,PAN,Voice and Accountability: Estimate,VA.EST,0.538583040237427
Panama,PAN,Control of Corruption: Estimate,CC.EST,-0.634607255458832
Papua New Guinea,PNG,Government Effectiveness: Estimate,GE.EST,-0.807290256023407
Papua New Guinea,PNG,Political Stability and Absence of Violence/Terrorism: Estimate,PV.EST,-0.609061777591705
Papua New Guinea,PNG,Regulatory Quality: Estimate,RQ.EST,-0.682209134101868
Papua New Guinea,PNG,Rule of Law: Estimate,RL.EST,-0.616135001182556
Papua New Guinea,PNG,Voice and Accountability: Estimate,VA.EST,-0.014180064201355
Papua New Guinea,PNG,Control of Corruption: Estimate,CC.EST,-0.696246027946472
Paraguay,PRY,Government Effectiveness: Estimate,GE.EST,-0.613315761089325
Paraguay,PRY,Political Stability and Absence of Violence/Terrorism: Estimate,PV.EST,0.0359779521822929
Paraguay,PRY,Regulatory Quality: Estimate,RQ.EST,-0.169901669025421
Paraguay,PRY,Rule of Law: Estimate,RL.EST,-0.590548574924469
Paraguay,PRY,Voice and Accountability: Estimate,VA.EST,0.00182483578100801
Paraguay,PRY,Control of Corruption: Estimate,CC.EST,-1.09022343158722
Peru,PER,Government Effectiveness: Estimate,GE.EST,-0.39776611328125
Peru,PER,Political Stability and Absence of Violence/Terrorism: Estimate,PV.EST,-0.446338385343552
Peru,PER,Regulatory Quality: Estimate,RQ.EST,0.20857498049736
Peru,PER,Rule of Law: Estimate,RL.EST,-0.551391065120697
Peru,PER,Voice and Accountability: Estimate,VA.EST,0.0513254441320896
Peru,PER,Control of Corruption: Estimate,CC.EST,-0.807577431201935
Philippines,PHL,Government Effectiveness: Estimate,GE.EST,0.0647772029042244
Philippines,PHL,Political Stability and Absence of Violence/Terrorism: Estimate,PV.EST,-0.712976396083832
Philippines,PHL,Regulatory Quality: Estimate,RQ.EST,0.0627855956554413
Philippines,PHL,Rule of Law: Estimate,RL.EST,-0.518337488174438
Philippines,PHL,Voice and Accountability: Estimate,VA.EST,-0.0568434745073318
Philippines,PHL,Control of Corruption: Estimate,CC.EST,-0.540948450565338
Poland,POL,Government Effectiveness: Estimate,GE.EST,0.25948902964592
Poland,POL,Political Stability and Absence of Violence/Terrorism: Estimate,PV.EST,0.500283241271973
Poland,POL,Regulatory Quality: Estimate,RQ.EST,0.717305660247803
Poland,POL,Rule of Law: Estimate,RL.EST,0.430609285831451
Poland,POL,Voice and Accountability: Estimate,VA.EST,0.60035628080368
Poland,POL,Control of Corruption: Estimate,CC.EST,0.506694495677948
Portugal,PRT,Government Effectiveness: Estimate,GE.EST,1.00159108638763
Portugal,PRT,Political Stability and Absence of Violence/Terrorism: Estimate,PV.EST,0.860719680786133
Portugal,PRT,Regulatory Quality: Estimate,RQ.EST,0.762673318386078
Portugal,PRT,Rule of Law: Estimate,RL.EST,1.11392903327942
Portugal,PRT,Voice and Accountability: Estimate,VA.EST,1.25333595275879
Portugal,PRT,Control of Corruption: Estimate,CC.EST,0.729021430015564
Puerto Rico,PRI,Government Effectiveness: Estimate,GE.EST,-0.482191681861877
Puerto Rico,PRI,Political Stability and Absence of Violence/Terrorism: Estimate,PV.EST,0.543191194534302
Puerto Rico,PRI,Regulatory Quality: Estimate,RQ.EST,0.848512649536133
Puerto Rico,PRI,Rule of Law: Estimate,RL.EST,0.533023357391357
Puerto Rico,PRI,Voice and Accountability: Estimate,VA.EST,0.442538172006607
Puerto Rico,PRI,Control of Corruption: Estimate,CC.EST,0.115151450037956
Qatar,QAT,Government Effectiveness: Estimate,GE.EST,1.13682854175568
Qatar,QAT,Political Stability and Absence of Violence/Terrorism: Estimate,PV.EST,0.958558142185211
Qatar,QAT,Regulatory Quality: Estimate,RQ.EST,0.870516777038574
Qatar,QAT,Rule of Law: Estimate,RL.EST,0.919315934181213
Qatar,QAT,Voice and Accountability: Estimate,VA.EST,-1.04874444007874
Qatar,QAT,Control of Corruption: Estimate,CC.EST,0.803727507591248
Reunion,REU,Government Effectiveness: Estimate,GE.EST,0.943713784217834
Reunion,REU,Political Stability and Absence of Violence/Terrorism: Estimate,PV.EST,0.260939806699753
Reunion,REU,Regulatory Quality: Estimate,RQ.EST,0.972116887569427
Reunion,REU,Rule of Law: Estimate,RL.EST,0.692453920841217
Reunion,REU,Voice and Accountability: Estimate,VA.EST,..
Reunion,REU,Control of Corruption: Estimate,CC.EST,0.632126808166504
Romania,ROU,Government Effectiveness: Estimate,GE.EST,4.70589620817918E-05
Romania,ROU,Political Stability and Absence of Violence/Terrorism: Estimate,PV.EST,0.488021969795227
Romania,ROU,Regulatory Quality: Estimate,RQ.EST,0.364533066749573
Romania,ROU,Rule of Law: Estimate,RL.EST,0.404155731201172
Romania,ROU,Voice and Accountability: Estimate,VA.EST,0.563367962837219
Romania,ROU,Control of Corruption: Estimate,CC.EST,0.0166723933070898
Russian Federation,RUS,Government Effectiveness: Estimate,GE.EST,-0.695411026477814
Russian Federation,RUS,Political Stability and Absence of Violence/Terrorism: Estimate,PV.EST,-0.918995440006256
Russian Federation,RUS,Regulatory Quality: Estimate,RQ.EST,-1.14197266101837
Russian Federation,RUS,Rule of Law: Estimate,RL.EST,-1.19529402256012
Russian Federation,RUS,Voice and Accountability: Estimate,VA.EST,-1.26163399219513
Russian Federation,RUS,Control of Corruption: Estimate,CC.EST,-0.97938734292984
Rwanda,RWA,Government Effectiveness: Estimate,GE.EST,0.232485979795456
Rwanda,RWA,Political Stability and Absence of Violence/Terrorism: Estimate,PV.EST,0.0305139776319265
Rwanda,RWA,Regulatory Quality: Estimate,RQ.EST,0.16292978823185
Rwanda,RWA,Rule of Law: Estimate,RL.EST,0.146466091275215
Rwanda,RWA,Voice and Accountability: Estimate,VA.EST,-0.930956423282623
Rwanda,RWA,Control of Corruption: Estimate,CC.EST,0.561202585697174
Samoa,WSM,Government Effectiveness: Estimate,GE.EST,0.304703801870346
Samoa,WSM,Political Stability and Absence of Violence/Terrorism: Estimate,PV.EST,1.07860910892487
Samoa,WSM,Regulatory Quality: Estimate,RQ.EST,-0.272904604673386
Samoa,WSM,Rule of Law: Estimate,RL.EST,0.945017695426941
Samoa,WSM,Voice and Accountability: Estimate,VA.EST,0.976826727390289
Samoa,WSM,Control of Corruption: Estimate,CC.EST,0.55392199754715
San Marino,SMR,Government Effectiveness: Estimate,GE.EST,1.77110064029694
San Marino,SMR,Political Stability and Absence of Violence/Terrorism: Estimate,PV.EST,1.20484304428101
San Marino,SMR,Regulatory Quality: Estimate,RQ.EST,0.545899748802185
San Marino,SMR,Rule of Law: Estimate,RL.EST,1.74978172779083
San Marino,SMR,Voice and Accountability: Estimate,VA.EST,1.22723925113678
San Marino,SMR,Control of Corruption: Estimate,CC.EST,1.27020359039307
Sao Tome and Principe,STP,Government Effectiveness: Estimate,GE.EST,-0.843731462955475
Sao Tome and Principe,STP,Political Stability and Absence of Violence/Terrorism: Estimate,PV.EST,0.607801914215088
Sao Tome and Principe,STP,Regulatory Quality: Estimate,RQ.EST,-0.89024293422699
Sao Tome and Principe,STP,Rule of Law: Estimate,RL.EST,-0.614071309566498
Sao Tome and Principe,STP,Voice and Accountability: Estimate,VA.EST,0.285293698310852
Sao Tome and Principe,STP,Control of Corruption: Estimate,CC.EST,0.284455984830856
Saudi Arabia,SAU,Government Effectiveness: Estimate,GE.EST,0.583050787448883
Saudi Arabia,SAU,Political Stability and Absence of Violence/Terrorism: Estimate,PV.EST,-0.362989008426666
Saudi Arabia,SAU,Regulatory Quality: Estimate,RQ.EST,0.418585479259491
Saudi Arabia,SAU,Rule of Law: Estimate,RL.EST,0.290623277425766
Saudi Arabia,SAU,Voice and Accountability: Estimate,VA.EST,-1.48996067047119
Saudi Arabia,SAU,Control of Corruption: Estimate,CC.EST,0.35694831609726
Senegal,SEN,Government Effectiveness: Estimate,GE.EST,-0.00124927773140371
Senegal,SEN,Political Stability and Absence of Violence/Terrorism: Estimate,PV.EST,-0.15329946577549
Senegal,SEN,Regulatory Quality: Estimate,RQ.EST,-0.296521306037903
Senegal,SEN,Rule of Law: Estimate,RL.EST,-0.26250022649765
Senegal,SEN,Voice and Accountability: Estimate,VA.EST,0.164923653006554
Senegal,SEN,Control of Corruption: Estimate,CC.EST,-0.0287281088531017
Serbia,SRB,Government Effectiveness: Estimate,GE.EST,0.0656684786081314
Serbia,SRB,Political Stability and Absence of Violence/Terrorism: Estimate,PV.EST,-0.172904297709465
Serbia,SRB,Regulatory Quality: Estimate,RQ.EST,0.137092441320419
Serbia,SRB,Rule of Law: Estimate,RL.EST,-0.113290347158909
Serbia,SRB,Voice and Accountability: Estimate,VA.EST,-0.099995344877243
Serbia,SRB,Control of Corruption: Estimate,CC.EST,-0.456187754869461
Seychelles,SYC,Government Effectiveness: Estimate,GE.EST,0.662167310714722
Seychelles,SYC,Political Stability and Absence of Violence/Terrorism: Estimate,PV.EST,0.756404340267181
Seychelles,SYC,Regulatory Quality: Estimate,RQ.EST,0.327582836151123
Seychelles,SYC,Rule of Law: Estimate,RL.EST,0.460202544927597
Seychelles,SYC,Voice and Accountability: Estimate,VA.EST,0.597845077514648
Seychelles,SYC,Control of Corruption: Estimate,CC.EST,1.69814908504486
Sierra Leone,SLE,Government Effectiveness: Estimate,GE.EST,-1.16025280952454
Sierra Leone,SLE,Political Stability and Absence of Violence/Terrorism: Estimate,PV.EST,-0.0895016714930534
Sierra Leone,SLE,Regulatory Quality: Estimate,RQ.EST,-1.05557787418365
Sierra Leone,SLE,Rule of Law: Estimate,RL.EST,-0.828648924827576
Sierra Leone,SLE,Voice and Accountability: Estimate,VA.EST,-0.142346099019051
Sierra Leone,SLE,Control of Corruption: Estimate,CC.EST,-0.563655316829681
Singapore,SGP,Government Effectiveness: Estimate,GE.EST,2.14482593536377
Singapore,SGP,Political Stability and Absence of Violence/Terrorism: Estimate,PV.EST,1.45994246006012
Singapore,SGP,Regulatory Quality: Estimate,RQ.EST,2.21437835693359
Singapore,SGP,Rule of Law: Estimate,RL.EST,1.77927768230438
Singapore,SGP,Voice and Accountability: Estimate,VA.EST,-0.0494473651051521
Singapore,SGP,Control of Corruption: Estimate,CC.EST,2.09472370147705
Slovak Republic,SVK,Government Effectiveness: Estimate,GE.EST,0.378621488809586
Slovak Republic,SVK,Political Stability and Absence of Violence/Terrorism: Estimate,PV.EST,0.44343426823616
Slovak Republic,SVK,Regulatory Quality: Estimate,RQ.EST,0.850252985954285
Slovak Republic,SVK,Rule of Law: Estimate,RL.EST,0.622537851333618
Slovak Republic,SVK,Voice and Accountability: Estimate,VA.EST,0.886331796646118
Slovak Republic,SVK,Control of Corruption: Estimate,CC.EST,0.213603869080544
Slovenia,SVN,Government Effectiveness: Estimate,GE.EST,1.0690666437149
Slovenia,SVN,Political Stability and Absence of Violence/Terrorism: Estimate,PV.EST,0.706639647483826
Slovenia,SVN,Regulatory Quality: Estimate,RQ.EST,0.694944024085999
Slovenia,SVN,Rule of Law: Estimate,RL.EST,0.972656548023224
Slovenia,SVN,Voice and Accountability: Estimate,VA.EST,0.972445666790009
Slovenia,SVN,Control of Corruption: Estimate,CC.EST,0.76738029718399
Solomon Islands,SLB,Government Effectiveness: Estimate,GE.EST,-0.674787521362305
Solomon Islands,SLB,Political Stability and Absence of Violence/Terrorism: Estimate,PV.EST,0.379514664411545
Solomon Islands,SLB,Regulatory Quality: Estimate,RQ.EST,-0.766386210918427
Solomon Islands,SLB,Rule of Law: Estimate,RL.EST,-0.241932362318039
Solomon Islands,SLB,Voice and Accountability: Estimate,VA.EST,0.321038097143173
Solomon Islands,SLB,Control of Corruption: Estimate,CC.EST,-0.184422299265862
Somalia,SOM,Government Effectiveness: Estimate,GE.EST,-2.02636790275574
Somalia,SOM,Political Stability and Absence of Violence/Terrorism: Estimate,PV.EST,-2.48343443870544
Somalia,SOM,Regulatory Quality: Estimate,RQ.EST,-1.90015578269958
Somalia,SOM,Rule of Law: Estimate,RL.EST,-2.28685545921326
Somalia,SOM,Voice and Accountability: Estimate,VA.EST,-1.73443591594696
Somalia,SOM,Control of Corruption: Estimate,CC.EST,-1.79245460033417
South Africa,ZAF,Government Effectiveness: Estimate,GE.EST,-0.125317960977554
South Africa,ZAF,Political Stability and Absence of Violence/Terrorism: Estimate,PV.EST,-0.722118079662323
South Africa,ZAF,Regulatory Quality: Estimate,RQ.EST,-0.185125753283501
South Africa,ZAF,Rule of Law: Estimate,RL.EST,0.01973732188344
South Africa,ZAF,Voice and Accountability: Estimate,VA.EST,0.707014203071594
South Africa,ZAF,Control of Corruption: Estimate,CC.EST,-0.319765210151672
South Sudan,SSD,Government Effectiveness: Estimate,GE.EST,-2.3898651599884
South Sudan,SSD,Political Stability and Absence of Violence/Terrorism: Estimate,PV.EST,-2.21005392074585
South Sudan,SSD,Regulatory Quality: Estimate,RQ.EST,-2.10399270057678
South Sudan,SSD,Rule of Law: Estimate,RL.EST,-2.05544900894165
South Sudan,SSD,Voice and Accountability: Estimate,VA.EST,-1.69861781597137
South Sudan,SSD,Control of Corruption: Estimate,CC.EST,-1.85575520992279
Spain,ESP,Government Effectiveness: Estimate,GE.EST,0.92075788974762
Spain,ESP,Political Stability and Absence of Violence/Terrorism: Estimate,PV.EST,0.265326976776123
Spain,ESP,Regulatory Quality: Estimate,RQ.EST,0.797074437141418
Spain,ESP,Rule of Law: Estimate,RL.EST,0.79993212223053
Spain,ESP,Voice and Accountability: Estimate,VA.EST,1.01301276683807
Spain,ESP,Control of Corruption: Estimate,CC.EST,0.68531209230423
Sri Lanka,LKA,Government Effectiveness: Estimate,GE.EST,-0.391204476356506
Sri Lanka,LKA,Political Stability and Absence of Violence/Terrorism: Estimate,PV.EST,-0.785569846630096
Sri Lanka,LKA,Regulatory Quality: Estimate,RQ.EST,-0.65364283323288
Sri Lanka,LKA,Rule of Law: Estimate,RL.EST,-0.0569253154098988
Sri Lanka,LKA,Voice and Accountability: Estimate,VA.EST,-0.191544353961945
Sri Lanka,LKA,Control of Corruption: Estimate,CC.EST,-0.383287221193314
St. Kitts and Nevis,KNA,Government Effectiveness: Estimate,GE.EST,0.392122596502304
St. Kitts and Nevis,KNA,Political Stability and Absence of Violence/Terrorism: Estimate,PV.EST,0.94386225938797
St. Kitts and Nevis,KNA,Regulatory Quality: Estimate,RQ.EST,0.584444940090179
St. Kitts and Nevis,KNA,Rule of Law: Estimate,RL.EST,0.502344727516174
St. Kitts and Nevis,KNA,Voice and Accountability: Estimate,VA.EST,0.764573812484741
St. Kitts and Nevis,KNA,Control of Corruption: Estimate,CC.EST,0.3897884786129
St. Lucia,LCA,Government Effectiveness: Estimate,GE.EST,-0.0970938131213188
St. Lucia,LCA,Political Stability and Absence of Violence/Terrorism: Estimate,PV.EST,0.869225919246674
St. Lucia,LCA,Regulatory Quality: Estimate,RQ.EST,0.439211994409561
St. Lucia,LCA,Rule of Law: Estimate,RL.EST,0.661592185497284
St. Lucia,LCA,Voice and Accountability: Estimate,VA.EST,0.844048798084259
St. Lucia,LCA,Control of Corruption: Estimate,CC.EST,0.578853130340576
St. Vincent and the Grenadines,VCT,Government Effectiveness: Estimate,GE.EST,0.317980945110321
St. Vincent and the Grenadines,VCT,Political Stability and Absence of Violence/Terrorism: Estimate,PV.EST,1.04379844665527
St. Vincent and the Grenadines,VCT,Regulatory Quality: Estimate,RQ.EST,0.348867624998093
St. Vincent and the Grenadines,VCT,Rule of Law: Estimate,RL.EST,0.644336640834808
St. Vincent and the Grenadines,VCT,Voice and Accountability: Estimate,VA.EST,0.846518158912659
St. Vincent and the Grenadines,VCT,Control of Corruption: Estimate,CC.EST,0.756104052066803
Sudan,SDN,Government Effectiveness: Estimate,GE.EST,-1.70530915260315
Sudan,SDN,Political Stability and Absence of Violence/Terrorism: Estimate,PV.EST,-1.99889421463013
Sudan,SDN,Regulatory Quality: Estimate,RQ.EST,-1.58131110668182
Sudan,SDN,Rule of Law: Estimate,RL.EST,-1.26452505588531
Sudan,SDN,Voice and Accountability: Estimate,VA.EST,-1.50051319599152
Sudan,SDN,Control of Corruption: Estimate,CC.EST,-1.39786016941071
Suriname,SUR,Government Effectiveness: Estimate,GE.EST,-0.943955838680267
Suriname,SUR,Political Stability and Absence of Violence/Terrorism: Estimate,PV.EST,0.39629203081131
Suriname,SUR,Regulatory Quality: Estimate,RQ.EST,-0.789872884750366
Suriname,SUR,Rule of Law: Estimate,RL.EST,-0.127625867724419
Suriname,SUR,Voice and Accountability: Estimate,VA.EST,0.36726301908493
Suriname,SUR,Control of Corruption: Estimate,CC.EST,-0.405177503824234
Sweden,SWE,Government Effectiveness: Estimate,GE.EST,1.57297706604004
Sweden,SWE,Political Stability and Absence of Violence/Terrorism: Estimate,PV.EST,0.902623057365417
Sweden,SWE,Regulatory Quality: Estimate,RQ.EST,1.68157696723938
Sweden,SWE,Rule of Law: Estimate,RL.EST,1.69006848335266
Sweden,SWE,Voice and Accountability: Estimate,VA.EST,1.52103972434998
Sweden,SWE,Control of Corruption: Estimate,CC.EST,2.06165814399719
Switzerland,CHE,Government Effectiveness: Estimate,GE.EST,2.04994893074036
Switzerland,CHE,Political Stability and Absence of Violence/Terrorism: Estimate,PV.EST,1.16113972663879
Switzerland,CHE,Regulatory Quality: Estimate,RQ.EST,1.62011301517487
Switzerland,CHE,Rule of Law: Estimate,RL.EST,1.75180673599243
Switzerland,CHE,Voice and Accountability: Estimate,VA.EST,1.61555957794189
Switzerland,CHE,Control of Corruption: Estimate,CC.EST,2.0093138217926
Syrian Arab Republic,SYR,Government Effectiveness: Estimate,GE.EST,-1.75204491615295
Syrian Arab Republic,SYR,Political Stability and Absence of Violence/Terrorism: Estimate,PV.EST,-2.79725193977356
Syrian Arab Republic,SYR,Regulatory Quality: Estimate,RQ.EST,-1.82389974594116
Syrian Arab Republic,SYR,Rule of Law: Estimate,RL.EST,-2.06944227218628
Syrian Arab Republic,SYR,Voice and Accountability: Estimate,VA.EST,-1.89377081394196
Syrian Arab Republic,SYR,Control of Corruption: Estimate,CC.EST,-1.77599906921387
"Taiwan, China",TWN,Government Effectiveness: Estimate,GE.EST,1.40351760387421
"Taiwan, China",TWN,Political Stability and Absence of Violence/Terrorism: Estimate,PV.EST,0.754162132740021
"Taiwan, China",TWN,Regulatory Quality: Estimate,RQ.EST,1.40988874435425
"Taiwan, China",TWN,Rule of Law: Estimate,RL.EST,1.25827848911285
"Taiwan, China",TWN,Voice and Accountability: Estimate,VA.EST,1.0753960609436
"Taiwan, China",TWN,Control of Corruption: Estimate,CC.EST,1.14813935756683
Tajikistan,TJK,Government Effectiveness: Estimate,GE.EST,-0.756126046180725
Tajikistan,TJK,Political Stability and Absence of Violence/Terrorism: Estimate,PV.EST,-0.694840013980865
Tajikistan,TJK,Regulatory Quality: Estimate,RQ.EST,-1.19797742366791
Tajikistan,TJK,Rule of Law: Estimate,RL.EST,-1.25580060482025
Tajikistan,TJK,Voice and Accountability: Estimate,VA.EST,-1.67276620864868
Tajikistan,TJK,Control of Corruption: Estimate,CC.EST,-1.43415355682373
Tanzania,TZA,Government Effectiveness: Estimate,GE.EST,-0.42673471570015
Tanzania,TZA,Political Stability and Absence of Violence/Terrorism: Estimate,PV.EST,-0.265859961509705
Tanzania,TZA,Regulatory Quality: Estimate,RQ.EST,-0.563533365726471
Tanzania,TZA,Rule of Law: Estimate,RL.EST,-0.443158507347107
Tanzania,TZA,Voice and Accountability: Estimate,VA.EST,-0.65902853012085
Tanzania,TZA,Control of Corruption: Estimate,CC.EST,-0.341099858283997
Thailand,THA,Government Effectiveness: Estimate,GE.EST,0.128285065293312
Thailand,THA,Political Stability and Absence of Violence/Terrorism: Estimate,PV.EST,-0.383099317550659
Thailand,THA,Regulatory Quality: Estimate,RQ.EST,0.165019407868385
Thailand,THA,Rule of Law: Estimate,RL.EST,0.067307785153389
Thailand,THA,Voice and Accountability: Estimate,VA.EST,-0.622607707977295
Thailand,THA,Control of Corruption: Estimate,CC.EST,-0.452194035053253
Timor-Leste,TLS,Government Effectiveness: Estimate,GE.EST,-0.767780125141144
Timor-Leste,TLS,Political Stability and Absence of Violence/Terrorism: Estimate,PV.EST,0.27340030670166
Timor-Leste,TLS,Regulatory Quality: Estimate,RQ.EST,-0.472811251878738
Timor-Leste,TLS,Rule of Law: Estimate,RL.EST,-0.883395969867706
Timor-Leste,TLS,Voice and Accountability: Estimate,VA.EST,0.487551420927048
Timor-Leste,TLS,Control of Corruption: Estimate,CC.EST,-0.265985161066055
Togo,TGO,Government Effectiveness: Estimate,GE.EST,-0.64258873462677
Togo,TGO,Political Stability and Absence of Violence/Terrorism: Estimate,PV.EST,-0.711050152778625
Togo,TGO,Regulatory Quality: Estimate,RQ.EST,-0.562867999076843
Togo,TGO,Rule of Law: Estimate,RL.EST,-0.55883401632309
Togo,TGO,Voice and Accountability: Estimate,VA.EST,-0.762097477912903
Togo,TGO,Control of Corruption: Estimate,CC.EST,-0.64967155456543
Tonga,TON,Government Effectiveness: Estimate,GE.EST,-0.16647757589817
Tonga,TON,Political Stability and Absence of Violence/Terrorism: Estimate,PV.EST,1.11424672603607
Tonga,TON,Regulatory Quality: Estimate,RQ.EST,-0.347820729017258
Tonga,TON,Rule of Law: Estimate,RL.EST,0.594402670860291
Tonga,TON,Voice and Accountability: Estimate,VA.EST,0.839519560337067
Tonga,TON,Control of Corruption: Estimate,CC.EST,-0.420627415180206
Trinidad and Tobago,TTO,Government Effectiveness: Estimate,GE.EST,-0.0251202769577503
Trinidad and Tobago,TTO,Political Stability and Absence of Violence/Terrorism: Estimate,PV.EST,0.357974648475647
Trinidad and Tobago,TTO,Regulatory Quality: Estimate,RQ.EST,-0.0740921869874001
Trinidad and Tobago,TTO,Rule of Law: Estimate,RL.EST,-0.167874693870544
Trinidad and Tobago,TTO,Voice and Accountability: Estimate,VA.EST,0.646616280078888
Trinidad and Tobago,TTO,Control of Corruption: Estimate,CC.EST,-0.37968635559082
Tunisia,TUN,Government Effectiveness: Estimate,GE.EST,-0.299408107995987
Tunisia,TUN,Political Stability and Absence of Violence/Terrorism: Estimate,PV.EST,-0.596295177936554
Tunisia,TUN,Regulatory Quality: Estimate,RQ.EST,-0.414175897836685
Tunisia,TUN,Rule of Law: Estimate,RL.EST,-0.0853122770786285
Tunisia,TUN,Voice and Accountability: Estimate,VA.EST,-0.183771133422852
Tunisia,TUN,Control of Corruption: Estimate,CC.EST,-0.251350313425064
Turkiye,TUR,Government Effectiveness: Estimate,GE.EST,-0.19902965426445
Turkiye,TUR,Political Stability and Absence of Violence/Terrorism: Estimate,PV.EST,-1.03986501693726
Turkiye,TUR,Regulatory Quality: Estimate,RQ.EST,-0.244638904929161
Turkiye,TUR,Rule of Law: Estimate,RL.EST,-0.458115965127945
Turkiye,TUR,Voice and Accountability: Estimate,VA.EST,-0.9266077876091
Turkiye,TUR,Control of Corruption: Estimate,CC.EST,-0.467645317316055
Turkmenistan,TKM,Government Effectiveness: Estimate,GE.EST,-1.1583536863327
Turkmenistan,TKM,Political Stability and Absence of Violence/Terrorism: Estimate,PV.EST,-0.100280806422234
Turkmenistan,TKM,Regulatory Quality: Estimate,RQ.EST,-2.06706070899963
Turkmenistan,TKM,Rule of Law: Estimate,RL.EST,-1.49223685264587
Turkmenistan,TKM,Voice and Accountability: Estimate,VA.EST,-1.9442834854126
Turkmenistan,TKM,Control of Corruption: Estimate,CC.EST,-1.43677389621735
Tuvalu,TUV,Government Effectiveness: Estimate,GE.EST,-0.311674624681473
Tuvalu,TUV,Political Stability and Absence of Violence/Terrorism: Estimate,PV.EST,1.18453228473663
Tuvalu,TUV,Regulatory Quality: Estimate,RQ.EST,-0.144963636994362
Tuvalu,TUV,Rule of Law: Estimate,RL.EST,0.812607884407043
Tuvalu,TUV,Voice and Accountability: Estimate,VA.EST,1.21925568580627
Tuvalu,TUV,Control of Corruption: Estimate,CC.EST,0.651753723621368
Uganda,UGA,Government Effectiveness: Estimate,GE.EST,-0.583969175815582
Uganda,UGA,Political Stability and Absence of Violence/Terrorism: Estimate,PV.EST,-0.807034194469452
Uganda,UGA,Regulatory Quality: Estimate,RQ.EST,-0.490339338779449
Uganda,UGA,Rule of Law: Estimate,RL.EST,-0.383247643709183
Uganda,UGA,Voice and Accountability: Estimate,VA.EST,-0.804154872894287
Uganda,UGA,Control of Corruption: Estimate,CC.EST,-1.04179608821869
Ukraine,UKR,Government Effectiveness: Estimate,GE.EST,-0.496294170618057
Ukraine,UKR,Political Stability and Absence of Violence/Terrorism: Estimate,PV.EST,-1.99760496616364
Ukraine,UKR,Regulatory Quality: Estimate,RQ.EST,-0.331597328186035
Ukraine,UKR,Rule of Law: Estimate,RL.EST,-0.918780207633972
Ukraine,UKR,Voice and Accountability: Estimate,VA.EST,-0.0248077064752579
Ukraine,UKR,Control of Corruption: Estimate,CC.EST,-0.633566200733185
United Arab Emirates,ARE,Government Effectiveness: Estimate,GE.EST,1.29996228218079
United Arab Emirates,ARE,Political Stability and Absence of Violence/Terrorism: Estimate,PV.EST,0.700785338878632
United Arab Emirates,ARE,Regulatory Quality: Estimate,RQ.EST,1.03478074073792
United Arab Emirates,ARE,Rule of Law: Estimate,RL.EST,0.836642742156982
United Arab Emirates,ARE,Voice and Accountability: Estimate,VA.EST,-1.12725257873535
United Arab Emirates,ARE,Control of Corruption: Estimate,CC.EST,1.15533649921417
United Kingdom,GBR,Government Effectiveness: Estimate,GE.EST,1.23863482475281
United Kingdom,GBR,Political Stability and Absence of Violence/Terrorism: Estimate,PV.EST,0.503939092159271
United Kingdom,GBR,Regulatory Quality: Estimate,RQ.EST,1.5665100812912
United Kingdom,GBR,Rule of Law: Estimate,RL.EST,1.41549122333527
United Kingdom,GBR,Voice and Accountability: Estimate,VA.EST,1.23219263553619
United Kingdom,GBR,Control of Corruption: Estimate,CC.EST,1.62015616893768
United States,USA,Government Effectiveness: Estimate,GE.EST,1.25599312782288
United States,USA,Political Stability and Absence of Violence/Terrorism: Estimate,PV.EST,-0.0360050275921822
United States,USA,Regulatory Quality: Estimate,RQ.EST,1.42443990707397
United States,USA,Rule of Law: Estimate,RL.EST,1.37168848514557
United States,USA,Voice and Accountability: Estimate,VA.EST,0.84512186050415
United States,USA,Control of Corruption: Estimate,CC.EST,1.10425877571106
Uruguay,URY,Government Effectiveness: Estimate,GE.EST,0.849962711334229
Uruguay,URY,Political Stability and Absence of Violence/Terrorism: Estimate,PV.EST,1.09546458721161
Uruguay,URY,Regulatory Quality: Estimate,RQ.EST,0.713579416275024
Uruguay,URY,Rule of Law: Estimate,RL.EST,0.767688930034637
Uruguay,URY,Voice and Accountability: Estimate,VA.EST,1.2803338766098
Uruguay,URY,Control of Corruption: Estimate,CC.EST,1.61052799224854
Uzbekistan,UZB,Government Effectiveness: Estimate,GE.EST,-0.329515904188156
Uzbekistan,UZB,Political Stability and Absence of Violence/Terrorism: Estimate,PV.EST,-0.196214869618416
Uzbekistan,UZB,Regulatory Quality: Estimate,RQ.EST,-0.55031543970108
Uzbekistan,UZB,Rule of Law: Estimate,RL.EST,-0.854107201099396
Uzbekistan,UZB,Voice and Accountability: Estimate,VA.EST,-1.33025205135345
Uzbekistan,UZB,Control of Corruption: Estimate,CC.EST,-0.757623434066772
Vanuatu,VUT,Government Effectiveness: Estimate,GE.EST,-0.536280393600464
Vanuatu,VUT,Political Stability and Absence of Violence/Terrorism: Estimate,PV.EST,0.949675500392914
Vanuatu,VUT,Regulatory Quality: Estimate,RQ.EST,-0.0908161327242851
Vanuatu,VUT,Rule of Law: Estimate,RL.EST,0.320615470409393
Vanuatu,VUT,Voice and Accountability: Estimate,VA.EST,0.709754884243011
Vanuatu,VUT,Control of Corruption: Estimate,CC.EST,-0.0289409626275301
"Venezuela, RB",VEN,Government Effectiveness: Estimate,GE.EST,-1.68818092346191
"Venezuela, RB",VEN,Political Stability and Absence of Violence/Terrorism: Estimate,PV.EST,-1.25646221637726
"Venezuela, RB",VEN,Regulatory Quality: Estimate,RQ.EST,-2.04584336280823
"Venezuela, RB",VEN,Rule of Law: Estimate,RL.EST,-2.19721436500549
"Venezuela, RB",VEN,Voice and Accountability: Estimate,VA.EST,-1.53392553329468
"Venezuela, RB",VEN,Control of Corruption: Estimate,CC.EST,-1.6511367559433
Vietnam,VNM,Government Effectiveness: Estimate,GE.EST,0.17549079656601
Vietnam,VNM,Political Stability and Absence of Violence/Terrorism: Estimate,PV.EST,-0.0305646620690823
Vietnam,VNM,Regulatory Quality: Estimate,RQ.EST,-0.429956316947937
Vietnam,VNM,Rule of Law: Estimate,RL.EST,-0.158443406224251
Vietnam,VNM,Voice and Accountability: Estimate,VA.EST,-1.28870344161987
Vietnam,VNM,Control of Corruption: Estimate,CC.EST,-0.287282675504684
Virgin Islands (U.S.),VIR,Government Effectiveness: Estimate,GE.EST,0.667918145656586
Virgin Islands (U.S.),VIR,Political Stability and Absence of Violence/Terrorism: Estimate,PV.EST,0.563698709011078
Virgin Islands (U.S.),VIR,Regulatory Quality: Estimate,RQ.EST,1.39833402633667
Virgin Islands (U.S.),VIR,Rule of Law: Estimate,RL.EST,0.95678585767746
Virgin Islands (U.S.),VIR,Voice and Accountability: Estimate,VA.EST,..
Virgin Islands (U.S.),VIR,Control of Corruption: Estimate,CC.EST,-0.00595007929950953
West Bank and Gaza,PSE,Government Effectiveness: Estimate,GE.EST,-0.900952577590942
West Bank and Gaza,PSE,Political Stability and Absence of Violence/Terrorism: Estimate,PV.EST,-1.81788623332977
West Bank and Gaza,PSE,Regulatory Quality: Estimate,RQ.EST,-0.0368691794574261
West Bank and Gaza,PSE,Rule of Law: Estimate,RL.EST,-0.552935242652893
West Bank and Gaza,PSE,Voice and Accountability: Estimate,VA.EST,-1.0364933013916
West Bank and Gaza,PSE,Control of Corruption: Estimate,CC.EST,-0.702682197093964
"Yemen, Rep.",YEM,Government Effectiveness: Estimate,GE.EST,-2.23254156112671
"Yemen, Rep.",YEM,Political Stability and Absence of Violence/Terrorism: Estimate,PV.EST,-2.47688031196594
"Yemen, Rep.",YEM,Regulatory Quality: Estimate,RQ.EST,-1.91754972934723
"Yemen, Rep.",YEM,Rule of Law: Estimate,RL.EST,-1.84966695308685
"Yemen, Rep.",YEM,Voice and Accountability: Estimate,VA.EST,-1.61861562728882
"Yemen, Rep.",YEM,Control of Corruption: Estimate,CC.EST,-1.67955815792084
Zambia,ZMB,Government Effectiveness: Estimate,GE.EST,-0.658232748508453
Zambia,ZMB,Political Stability and Absence of Violence/Terrorism: Estimate,PV.EST,0.102313563227654
Zambia,ZMB,Regulatory Quality: Estimate,RQ.EST,-0.529057919979095
Zambia,ZMB,Rule of Law: Estimate,RL.EST,-0.519154012203217
Zambia,ZMB,Voice and Accountability: Estimate,VA.EST,-0.089141272008419
Zambia,ZMB,Control of Corruption: Estimate,CC.EST,-0.529199838638306
Zimbabwe,ZWE,Government Effectiveness: Estimate,GE.EST,-1.25461292266846
Zimbabwe,ZWE,Political Stability and Absence of Violence/Terrorism: Estimate,PV.EST,-0.884499907493591
Zimbabwe,ZWE,Regulatory Quality: Estimate,RQ.EST,-1.42596733570099
Zimbabwe,ZWE,Rule of Law: Estimate,RL.EST,-1.23628377914429
Zimbabwe,ZWE,Voice and Accountability: Estimate,VA.EST,-1.10220551490784
Zimbabwe,ZWE,Control of Corruption: Estimate,CC.EST,-1.2551394701004
,,,,
,,,,
,,,,
Data from database: Worldwide Governance Indicators,,,,
Last Updated: 09/29/2023,,,,
